,0,1,2
sample_1,1938.0882455051394,0.02711,1.7567735821463042
sample_2,1924.7035595078046,0.0271099993398521,1.7631576135241351
sample_3,1915.3192801438324,0.027109996555367343,1.7701375922237834
sample_4,1910.6360071046236,0.02711,1.7725718956043515
sample_5,1907.3970997808103,0.02711,1.7737191411815012
sample_6,1903.8871425885557,0.02711,1.7758393504077827
sample_7,1901.3521659128805,0.02711,1.7770371620539656
sample_8,1898.9364908672142,0.02710999929006086,1.7784732468846531
sample_9,1897.2850784828056,0.02711,1.7788226518506445
sample_10,1895.0593422390257,0.02711,1.7804323001436269
sample_11,1893.8831192115208,0.02711,1.7806100068476176
sample_12,1892.476190268285,0.027109996232528025,1.7814121122980744
sample_13,1883.6951083175231,0.026721237425640715,1.7740578554087423
sample_14,1890.515538938481,0.02711,1.7817181814618726
sample_15,1889.0846069112058,0.02711,1.7825346105451187
sample_16,1887.809980067042,0.02711,1.7832924283598797
sample_17,1886.957482075011,0.02711,1.7835688851842277
sample_18,1885.8575276114886,0.02711,1.784157444872583
sample_19,1885.3035293899618,0.02711,1.7841459634808796
sample_20,1884.2514515569035,0.02711,1.7847962173018992
sample_21,1883.4220404171956,0.02711,1.785202064391706
sample_22,1882.5574689940336,0.02711,1.7857566647877767
sample_23,1881.3751089821199,0.02711,1.7866817995706021
sample_24,1880.6103065782004,0.02711,1.7870818931737695
sample_25,1879.6784412660295,0.02711,1.7876062973035858
sample_26,1879.1762692139664,0.02711,1.7875416384518543
sample_27,1878.406578044173,0.02711,1.787929591628767
sample_28,1877.5036987707022,0.02711,1.788601269442651
sample_29,1876.7292777760563,0.027109999824448457,1.7890307317264584
sample_30,1876.1248333327057,0.02711,1.7892620909861572
sample_31,1875.464163698304,0.02711,1.7896084978664635
sample_32,1875.0832698513982,0.02711,1.789667905995928
sample_33,1874.3903769445087,0.027109999824539713,1.790031545767404
sample_34,1873.8938098867777,0.02711,1.790161653265044
sample_35,1864.7145667893778,0.026932054663518265,1.7939101038880727
sample_36,1872.849508653233,0.02711,1.7905638794262353
sample_37,1872.288308003444,0.02711,1.790770374633085
sample_38,1871.7440952224733,0.02710999910015278,1.7910263222036338
sample_39,1871.3734402608206,0.02711,1.7911376505100522
sample_40,1870.872570863523,0.02710997737516122,1.7914082410471714
sample_41,1783.6690959904774,0.02675084067723175,1.9013905942751934
sample_42,1869.9357626917176,0.02711,1.791799861661012
sample_43,1869.4017168421638,0.02711,1.7920987263556023
sample_44,1868.9905183704648,0.02711,1.792244082336331
sample_45,1868.4684213634791,0.02711,1.7925182087862024
sample_46,1867.9586929765387,0.02711,1.7927862359405708
sample_47,1867.4790925620348,0.02711,1.7930412574330874
sample_48,1867.04088699567,0.02711,1.7932574096847014
sample_49,1866.5772179669643,0.02711,1.7935183249824722
sample_50,1866.0476589123068,0.02711,1.7939269809856309
sample_51,1865.5702839112275,0.02711,1.794219881752495
sample_52,1865.161909256726,0.02711,1.7944055956335956
sample_53,1864.6137783103916,0.02711,1.7948294207902178
sample_54,1864.4383189120238,0.02711,1.7946910683413526
sample_55,1864.0769055165058,0.02711,1.7948656274249943
sample_56,1863.583965324112,0.02711,1.7952246760465325
sample_57,1863.2220960859634,0.02711,1.795383784315909
sample_58,1862.787365694732,0.02711,1.7956537469247347
sample_59,1862.3887284758498,0.02711,1.795901587749333
sample_60,1862.0305766122278,0.02711,1.7960392279493924
sample_61,1861.529755432507,0.027109999805519574,1.7963690194600965
sample_62,1861.172304294131,0.02711,1.7965461924644588
sample_63,1860.6860759213757,0.02711,1.7968944853884068
sample_64,1860.4777601245196,0.02711,1.7968711408036042
sample_65,1860.164587650971,0.02711,1.796975391105766
sample_66,1859.677604569765,0.02710999980165038,1.7973114141544906
sample_67,1859.264479956966,0.02711,1.7975685108021555
sample_68,1858.770373624682,0.02710999901027063,1.7979509590681282
sample_69,1858.4929182553485,0.02711,1.7980572240468766
sample_70,1858.2127566696918,0.02711,1.798170307926248
sample_71,1857.7441091237752,0.02711,1.798535034467637
sample_72,1857.4429073424014,0.02711,1.7987015834645546
sample_73,1857.1253571419288,0.02711,1.7988993428473952
sample_74,1856.8899391266018,0.02711,1.7989633384614463
sample_75,1856.6373146952644,0.02710999995985488,1.799044805293809
sample_76,1856.379986204753,0.027109994948138028,1.7991347841781782
sample_77,1856.0122206038518,0.02711,1.7993799357066373
sample_78,1855.733139041021,0.02711,1.799482642166947
sample_79,1855.305525302566,0.02711,1.7998077075591232
sample_80,1854.9415289514982,0.02711,1.8000499860958021
sample_81,1854.6693052565397,0.02711,1.8002097303297608
sample_82,1847.5053343027023,0.026594679655579885,1.7860556899988944
sample_83,1854.0214922385464,0.02711,1.8006205174525993
sample_84,1853.725901723155,0.02711,1.8008090249367499
sample_85,1853.4145096473808,0.02711,1.8010094354376889
sample_86,1853.1190200917545,0.02711,1.8011593890840538
sample_87,1852.868724972614,0.02711,1.8012444583202696
sample_88,1852.606943686396,0.02711,1.8013702753649965
sample_89,1852.303300308999,0.02711,1.801524215053369
sample_90,1852.0442966427495,0.02711,1.801675589346437
sample_91,1851.8051868186149,0.02711,1.8017976409259198
sample_92,1851.5415930982128,0.02711,1.801939030774906
sample_93,1851.3023830566724,0.02711,1.8020135518857074
sample_94,1851.0606887419024,0.02711,1.802142343772986
sample_95,1850.8085137667226,0.02711,1.8022745800250508
sample_96,1850.5901890371845,0.02711,1.8023594184150695
sample_97,1850.3294870058633,0.027109998946531697,1.8024734872510462
sample_98,1850.042969505196,0.02711,1.802658685866291
sample_99,1848.5128484694542,0.027095112837940957,1.80386328008469
sample_100,1849.5596621295595,0.027109999788467568,1.8028694005367143
sample_101,1846.7756065780684,0.027012319580325163,1.8020217437363837
sample_102,1849.0650157598193,0.02711,1.8031003051579195
sample_103,1848.8831958692235,0.02711,1.8031583372921796
sample_104,1848.708472615757,0.02710999995726373,1.8032121882858845
sample_105,1848.4201417890667,0.02711,1.8033867425279746
sample_106,1848.1681412394103,0.02711,1.8035279192450568
sample_107,1847.9890347847456,0.02711,1.8035364673188061
sample_108,1847.7636338586526,0.02711,1.8036540679711448
sample_109,1847.5186680121856,0.02711,1.8037940534892325
sample_110,1847.2556942768504,0.027109999784236206,1.803947307789289
sample_111,1847.0645822943875,0.02711,1.804009418784676
sample_112,1846.8754468594009,0.02711,1.8040781303183422
sample_113,1846.6519863883238,0.02710999995635525,1.8041750941438588
sample_114,1846.5501910574617,0.02711,1.8040965675970002
sample_115,1846.324782137767,0.02711,1.8041872760431
sample_116,1846.089241569329,0.02711,1.804304814328059
sample_117,1845.8540704949662,0.02711,1.8044155197782588
sample_118,1845.6183641852606,0.02711,1.8045393453617393
sample_119,1845.4696712213758,0.02711,1.8045074163321826
sample_120,1845.1333411955945,0.02711,1.80480172695749
sample_121,1844.8703791487087,0.02711,1.8049852958291503
sample_122,1844.6991318862981,0.02711,1.8050593291464272
sample_123,1844.4152832808902,0.02711,1.8052784667153376
sample_124,1844.2031444776815,0.027109999776793563,1.8054044589344862
sample_125,1844.0083555874853,0.02710999442165411,1.8055130202132341
sample_126,1843.8380551947619,0.02711,1.805587480106803
sample_127,1843.5919246443455,0.02711,1.8057577084871372
sample_128,1843.368212345426,0.027109999775277924,1.8058939312927766
sample_129,1843.2470664246564,0.02711,1.805898367808089
sample_130,1842.9975035502157,0.02711,1.8060858195944174
sample_131,1842.8196553633923,0.02711,1.8061519407546442
sample_132,1842.5686201968842,0.02711,1.8063141209996572
sample_133,1842.3645313661607,0.02711,1.8064308071976436
sample_134,1842.2434181425,0.02711,1.8064075400696293
sample_135,1842.0310652159658,0.02711,1.8065244367116857
sample_136,1841.8199334485826,0.02711,1.8066432903446021
sample_137,1841.6547514754245,0.02711,1.8066894144748311
sample_138,1841.38480685041,0.02711,1.806888890183814
sample_139,1841.190453952001,0.027109971160798323,1.8069708065462349
sample_140,1840.9345136996099,0.027109994214665825,1.8071648558886675
sample_141,1840.7537754722975,0.02711,1.8072549526973336
sample_142,1840.566707713333,0.027109998838089244,1.8073530556220905
sample_143,1834.0169718359834,0.02687436580111297,1.8054844043233276
sample_144,1840.08525252107,0.02711,1.807703152724772
sample_145,1839.8375322858478,0.02711,1.8078448695628935
sample_146,1839.6044697941336,0.02711,1.808012139991444
sample_147,1839.5038229691386,0.027109999765262183,1.8079775038094785
sample_148,1839.2756358696688,0.02711,1.8081526278889746
sample_149,1839.0452395728496,0.02711,1.8083061014946147
sample_150,1838.8926883113324,0.027109999952795494,1.8083612807551686
sample_151,1838.7328803490689,0.02710999976368626,1.8084380836748752
sample_152,1838.545520939119,0.027109994064293045,1.8085301283330752
sample_153,1838.4284779399738,0.02711,1.8085094715480354
sample_154,1838.2147696776212,0.027109994042919736,1.8086588929960052
sample_155,1838.0547075023405,0.027109998806217592,1.808710404566686
sample_156,1837.846980745741,0.02710999402626351,1.8088230538110184
sample_157,1837.6807423468047,0.027109994025491867,1.8089091818589695
sample_158,1837.50277666299,0.02711,1.8089726001983382
sample_159,1837.304874914143,0.02711,1.8090876584710476
sample_160,1837.1355907744453,0.02711,1.8091525361558165
sample_161,1836.8918963943252,0.02711,1.8093399123299558
sample_162,1836.7687323790078,0.02711,1.809351949426907
sample_163,1836.5841508300675,0.02710999995145253,1.809441817980905
sample_164,1836.4048796332354,0.027109999951438278,1.8095109484138825
sample_165,1836.1993492289434,0.027109999757040898,1.8096543534717082
sample_166,1836.0177791619758,0.027109998781560868,1.8097456963499257
sample_167,1835.8688516545278,0.02711,1.8097788262589238
sample_168,1835.7498034154112,0.027109993871179027,1.8097871521151145
sample_169,1835.6328708580654,0.027109998897993252,1.809786260089524
sample_170,1835.4183102873078,0.02711,1.8099352918584872
sample_171,1835.2231498647693,0.02710999977916883,1.810069221514346
sample_172,1835.0857406394123,0.027109999754132766,1.8101070767042065
sample_173,1834.9181708935573,0.02711,1.810176945525913
sample_174,1834.7426118811038,0.02711,1.8102908453763054
sample_175,1834.5998805547679,0.02710996937576921,1.8103430363290107
sample_176,1830.754281043021,0.02698608374649943,1.8099007293047327
sample_177,1834.2587930127843,0.02710999380538908,1.8105172445639794
sample_178,1834.0516623263704,0.02711,1.810676669765098
sample_179,1822.8700594618917,0.026683640503463904,1.8065985279777224
sample_180,1833.701658526706,0.02711,1.8108814562899869
sample_181,1833.546411271373,0.027109969068298687,1.8109539209275896
sample_182,1833.4056884282722,0.02711,1.8110246558275904
sample_183,1833.2581895536869,0.02711,1.8110787655092646
sample_184,1833.0918312262759,0.02711,1.8111768481434556
sample_185,1832.95441956471,0.02711,1.8112439325410914
sample_186,1832.7831399662546,0.02711,1.8113530595471503
sample_187,1832.6005844821168,0.027109968443421652,1.8114595979791208
sample_188,1832.4074520841248,0.02711,1.8115933744956918
sample_189,1699.2532970054954,0.02662088581881375,1.9975306038837168
sample_190,1832.1133020884865,0.02711,1.8117217929749172
sample_191,1831.967964575126,0.027109993458019652,1.8117999671233247
sample_192,1831.8462178708446,0.027109993639719387,1.8118272544140321
sample_193,1831.6547457637846,0.02711,1.8119598539448305
sample_194,1831.5311612783294,0.02711,1.8120102688996762
sample_195,1831.3503709320532,0.02711,1.8121209011491144
sample_196,1831.2152555202995,0.02710996798052432,1.8121874716456696
sample_197,1831.038261783836,0.02711,1.812309008637066
sample_198,1830.867328195111,0.02711,1.8124257061732079
sample_199,1830.730736680805,0.02711,1.8124881819097531
sample_200,1830.530777791203,0.02711,1.8126126908461992
sample_201,1830.369392027717,0.02711,1.8126983089615398
sample_202,1830.2126843398662,0.027109999742014366,1.8127819652723067
sample_203,1830.0017829520596,0.02711,1.8129371583574447
sample_204,1829.8212526717084,0.02711,1.8130625432821283
sample_205,1829.6513706054288,0.02711,1.8131538447915911
sample_206,1828.2082022218622,0.027043355481093306,1.812033916964205
sample_207,1829.3398804540623,0.02711,1.8133229040307162
sample_208,1829.1832897835493,0.02711,1.8134098280313258
sample_209,1829.0021175966779,0.02710996697318783,1.8135178168648496
sample_210,1828.9059045379283,0.02710999341297327,1.8135285067029578
sample_211,1828.7081884601246,0.027109998682564546,1.8136565854003626
sample_212,1828.5755348580346,0.02711,1.8137150246118556
sample_213,1828.4411081650146,0.02711,1.813760621914312
sample_214,1828.3250202488487,0.02710999867931847,1.8137987141039327
sample_215,1828.124924859466,0.02711,1.8139456912979777
sample_216,1827.9576565436741,0.02711,1.8140436479459874
sample_217,1827.800240733724,0.02711,1.8141472486161085
sample_218,1827.6307875110713,0.02711,1.814262987532895
sample_219,1827.533626607841,0.02711,1.8142736433724596
sample_220,1826.4922522678578,0.02709093726431743,1.8147342100094144
sample_221,1827.238772328116,0.02711,1.8144284352584963
sample_222,1827.112152288062,0.02711,1.8144824890756377
sample_223,1826.9042420181652,0.02711,1.8146280010131766
sample_224,1826.738820676504,0.02711,1.8147295244320796
sample_225,1826.5813388243635,0.02711,1.8148203450959517
sample_226,1826.4157478351958,0.02711,1.814921914069496
sample_227,1826.2548123140257,0.027109999727600864,1.8150296215183754
sample_228,1826.15548032273,0.02711,1.815049879500084
sample_229,1826.032639800559,0.02711,1.8151056579940108
sample_230,1825.8610578961047,0.02710999971066135,1.8152235683405
sample_231,1825.667934111039,0.02711,1.8153633402550402
sample_232,1825.549574324461,0.02711,1.8154074635647781
sample_233,1825.3956492597365,0.027109993157530973,1.8155070903302275
sample_234,1825.2156366991653,0.02711,1.8156481957467046
sample_235,1825.063075840724,0.02711,1.8157415475108438
sample_236,1824.9002531630674,0.02711,1.815829967892851
sample_237,1824.772570441014,0.02711,1.815881269025351
sample_238,1824.6196795307415,0.02711,1.8159593778908218
sample_239,1824.4685393811487,0.027109999988868077,1.8160464369449554
sample_240,1824.3134537803357,0.027109965127637057,1.8161353574044088
sample_241,1824.09916552949,0.02711,1.816303469572449
sample_242,1823.921162416947,0.02711,1.8164389763031965
sample_243,1823.8230785518524,0.02711,1.816451671066389
sample_244,1823.6625307189843,0.02711,1.8165376497319865
sample_245,1823.4918641823765,0.02710999971792038,1.816660329795697
sample_246,1823.2957721333846,0.02711,1.8167982648312921
sample_247,1819.9570287191607,0.026996100811762725,1.81617671374825
sample_248,1823.043602099954,0.02711,1.8169244590721787
sample_249,1822.8861049834693,0.02711,1.8170252182495121
sample_250,1822.7581346345453,0.02711,1.8170975878836668
sample_251,1822.6110530891274,0.02711,1.817187106578503
sample_252,1797.0309189415034,0.02607718214627052,1.8050744184842535
sample_253,325.1243730077522,0.013156401180157108,0.5963272172529823
sample_254,1822.2043784965283,0.02711,1.8174242001762473
sample_255,1822.0652244969087,0.02711,1.8175003959714926
sample_256,1821.89381351212,0.02711,1.817625417670624
sample_257,1810.7106922621674,0.026804558073642293,1.8192594143000562
sample_258,1821.597650075029,0.02711,1.8178004786350341
sample_259,1821.4515481012315,0.02711,1.8178872368449093
sample_260,1821.3260316765227,0.02711,1.817956523609164
sample_261,1821.172338828604,0.027109984568395196,1.818059109471492
sample_262,1821.0468829100344,0.02711,1.8181061371566272
sample_263,1820.8900099550888,0.02711,1.8181998107182682
sample_264,1820.7988978863225,0.02711,1.8182069330641075
sample_265,1820.6610400421598,0.02711,1.818282411289975
sample_266,1820.5348496865718,0.02711,1.8183472127836353
sample_267,1820.3713692178671,0.027057323248161562,1.8160419525582916
sample_268,1820.244105779873,0.02710999873386264,1.8185371643256327
sample_269,1820.1273977662618,0.02711,1.8185703367279242
sample_270,1819.9880967542729,0.02711,1.818653431523125
sample_271,1819.819080068438,0.02710999854858294,1.8187541362760835
sample_272,1819.6983067481544,0.02711,1.8188056511662976
sample_273,1819.5327642174254,0.02711,1.8189252949951686
sample_274,1819.4011026278813,0.02711,1.8190024844703672
sample_275,1819.2255559145162,0.02711,1.8191348562296417
sample_276,1819.0751563997128,0.02711,1.819237013434152
sample_277,1818.9677345649409,0.02711,1.8192770309846635
sample_278,1818.8130970999516,0.02711,1.8193924159096135
sample_279,1818.662997706654,0.02711,1.8194829700425463
sample_280,1818.4958990331663,0.02711,1.8195987568633163
sample_281,1818.3528690916517,0.02711,1.8197016397000942
sample_282,1818.2171300231325,0.02711,1.819781789160193
sample_283,1167.4260792058387,0.007401539545136281,1.142109159048577
sample_284,1817.9984636115744,0.02711,1.8198556635224836
sample_285,1817.9069378588056,0.02711,1.8198755717887294
sample_286,1817.7885892031684,0.02711,1.819925552428216
sample_287,1816.105169552748,0.02708667162689155,1.8211598639250979
sample_288,1817.5526018689322,0.02711,1.8200524916771057
sample_289,1817.3604482637834,0.02711,1.8202186452302156
sample_290,1817.22891344985,0.02711,1.8202916713001132
sample_291,1817.0856360645644,0.02711,1.8203877626832994
sample_292,1816.9610718809715,0.02711,1.8204511680306463
sample_293,1816.8890940115225,0.02711,1.8204495574515658
sample_294,1816.7622911161814,0.02711,1.8205193263543538
sample_295,1816.6643072707798,0.02711,1.8205406399357003
sample_296,1816.513677461581,0.027109998631737797,1.820645372162214
sample_297,1816.363292322744,0.02711,1.8207575246099992
sample_298,1816.2321204939662,0.02711,1.8208287574541753
sample_299,1816.1412070172062,0.02711,1.820833936753372
sample_300,1816.0348816132623,0.02711,1.820864769663292
sample_301,1815.9206942245266,0.02711,1.8209129792883358
sample_302,1815.7939910699022,0.02711,1.82097717609579
sample_303,1815.6253591688815,0.02711,1.8211012724798235
sample_304,1815.5093328712603,0.027109992288347245,1.8211722369219123
sample_305,1784.8758108518205,0.026028023565193875,1.814268008664996
sample_306,1815.2616612007546,0.027109992171832617,1.8213048331370816
sample_307,1815.1512772609926,0.02710999217874733,1.8213640081473583
sample_308,1815.0360463919164,0.02711,1.8214025334750594
sample_309,1814.8871368564899,0.02711,1.8215009761363459
sample_310,1814.790993311128,0.02711,1.8215237227329706
sample_311,1814.6639640562214,0.02711,1.8216022331388273
sample_312,1814.5091457286658,0.02711,1.821710215408574
sample_313,1814.386345585544,0.02711,1.8217679786980063
sample_314,1814.2759638284156,0.02711,1.8218177081922309
sample_315,1814.1720285100064,0.02711,1.821863996896329
sample_316,1814.045696545697,0.02711,1.8219356865254406
sample_317,1807.5519188073715,0.026866427611127314,1.8198850446987591
sample_318,1813.827613189181,0.02711,1.822031725157841
sample_319,1797.3134293106532,0.026514551763637925,1.817884892419822
sample_320,1813.5860808500665,0.02711,1.822165250329907
sample_321,1813.422510027415,0.02711,1.8222935718571107
sample_322,1813.23591648296,0.027109998412185213,1.8224505615727964
sample_323,1813.1156169764329,0.02711,1.8225397819060554
sample_324,1813.0186425415534,0.02711,1.8225778474354488
sample_325,1812.914182871866,0.02710999195476616,1.8226299226203693
sample_326,1812.7827093521776,0.02710999200567395,1.82271738100872
sample_327,1812.6222736567393,0.02711,1.822851442614538
sample_328,1812.5150866292663,0.02711,1.8229043804262066
sample_329,1812.3696459169435,0.027109999935781275,1.8230092397892819
sample_330,1796.6300972346164,0.026522141620834456,1.8181837593208037
sample_331,1812.0726391320495,0.02710979717840923,1.8232071366634215
sample_332,1811.9592130546366,0.027109991935331312,1.8232778804940002
sample_333,1811.8935754028983,0.02711,1.8232633007486958
sample_334,1811.769652093736,0.02711,1.8233259082280555
sample_335,1811.661381593966,0.02711,1.8233832468777318
sample_336,1811.5356699610957,0.027109958877164518,1.8234579821340502
sample_337,1811.4117958145328,0.02711,1.8235295511618306
sample_338,1811.2789550862856,0.02711,1.8236088806384598
sample_339,1811.12824121845,0.02711,1.8237206808883066
sample_340,1810.985131363308,0.02711,1.8238255503480596
sample_341,1810.85187450857,0.027109991759669952,1.8238997315327432
sample_342,1810.7752304756277,0.02711,1.8239088983385472
sample_343,1810.6445629942743,0.027109999674382552,1.8239905971397847
sample_344,1810.52146110617,0.02711,1.8240643254936741
sample_345,1810.3988964263376,0.027109999671382487,1.8241368278510457
sample_346,1810.3132071810521,0.02711,1.8241519210495176
sample_347,1810.204994028848,0.02711,1.824195789492473
sample_348,1810.0865352241321,0.02711,1.8242671213039725
sample_349,1607.9889622044682,0.019675298565446902,1.7233282399626721
sample_350,1809.835067028623,0.02711,1.8244265601971503
sample_351,1809.6794002098864,0.02711,1.8245440040709164
sample_352,1809.595486178599,0.02711,1.8245503370288683
sample_353,1809.5221251033104,0.02711,1.8245482335020382
sample_354,1809.412650264382,0.02711,1.8245947378817926
sample_355,1809.2862350451626,0.02711,1.8246760154324
sample_356,1809.186951260971,0.027109991396687138,1.8247090111932995
sample_357,1809.082974824001,0.02711,1.8247650668577962
sample_358,1808.975732579962,0.02711,1.8248167991828756
sample_359,1808.8857907406723,0.02711,1.8248444897065454
sample_360,1808.7604282584139,0.02711,1.824923999140317
sample_361,1808.650336431446,0.02711,1.8249905324974733
sample_362,1808.5193749504508,0.02710995784034458,1.8250742197773822
sample_363,1808.4012976370852,0.02711,1.8251424003935215
sample_364,1791.503385398001,0.02641626559230462,1.8169921980025434
sample_365,1675.9597187580434,0.026313176268809108,1.999627257881482
sample_366,1808.0258216084037,0.02710999966096953,1.8253739964687552
sample_367,1807.8677929677715,0.02711,1.8254906125325774
sample_368,1807.7089075701533,0.02711,1.8256239147603535
sample_369,1807.5909964761754,0.02711,1.825684711901956
sample_370,1798.8347101163668,0.02683077975173254,1.8252572645977616
sample_371,1807.3869552374708,0.02711,1.8257754799929495
sample_372,1807.2776374688783,0.027109999657798266,1.825826630806803
sample_373,1807.1424359509413,0.02711,1.8259174286822022
sample_374,1807.0125183933797,0.02711,1.8259909891077195
sample_375,1778.5931396528006,0.026082414384251695,1.8188545978908797
sample_376,1806.7983472231751,0.02711,1.8260810662908065
sample_377,1806.6561240204367,0.02711,1.8261808139362512
sample_378,1787.075759377415,0.02632813265304282,1.8177887535992103
sample_379,1806.4481974017312,0.02711,1.8262698130102102
sample_380,1806.326359052361,0.027109999654162577,1.8263488035957252
sample_381,1806.156314109932,0.02711,1.8264780938121807
sample_382,1806.0331486352604,0.02711,1.826541586492391
sample_383,1805.903474413544,0.02711,1.8266217179379045
sample_384,1805.7727101488185,0.02711,1.826713220680739
sample_385,1805.6534482418624,0.027109999652331896,1.8267852025339746
sample_386,1805.5128572649323,0.02711,1.8268955595937708
sample_387,1805.3800628879933,0.027109956386251497,1.8269753105280897
sample_388,1805.2831355989097,0.02711,1.8270249378720307
sample_389,1805.1984724476038,0.02711,1.8270454076467866
sample_390,1805.0476315723906,0.02711,1.8271623394096514
sample_391,1804.9629429329098,0.02710995575284944,1.8271806648322464
sample_392,1804.8777510671164,0.02711,1.8272054112100522
sample_393,1804.7787720334866,0.02710999964814589,1.8272494233328738
sample_394,1804.6083989154129,0.02711,1.8273931670301986
sample_395,1803.083552556912,0.027061401847258092,1.827262940844904
sample_396,1804.4091236774223,0.027109999647256654,1.8274784125928274
sample_397,1804.301449812643,0.02711,1.8275329206037918
sample_398,1804.2096223531307,0.02711,1.8275603715749351
sample_399,1804.1071494255077,0.02711,1.8276114559219612
sample_400,1803.9805795670582,0.027109955973430376,1.8276776780855257
sample_401,1803.8826452991539,0.02711,1.8277325475926618
sample_402,1803.7449912630375,0.027109991056710744,1.8278242345687592
sample_403,1803.6360433115665,0.02710999821116574,1.8278776159671353
sample_404,1803.539139986682,0.02711,1.8279299708141277
sample_405,1803.4055709720578,0.027109999641749847,1.8280113090364865
sample_406,1803.2220575714864,0.027109999640911698,1.8281597337188338
sample_407,1803.1431382955948,0.02711,1.8281725760531293
sample_408,1803.012262771942,0.02711,1.8282701174116731
sample_409,1802.9169959421283,0.027109998374155366,1.8283078658184722
sample_410,1802.81018952101,0.027109772417177866,1.828345818530816
sample_411,1802.7091231539346,0.02711,1.8284220742991424
sample_412,1802.6037697864472,0.02711,1.8284930337733123
sample_413,1802.5055942197298,0.02711,1.8285491904921614
sample_414,1802.3515368719206,0.02711,1.8286759430605697
sample_415,1802.2492913755138,0.02711,1.8287233528818656
sample_416,1778.360570712619,0.02615269930304333,1.8183622703858544
sample_417,1801.946915954125,0.02711,1.8289358967118678
sample_418,1753.604438111307,0.025129121410070974,1.8047159068402
sample_419,1801.7227161852911,0.02711,1.8290492075042402
sample_420,1801.621528085234,0.02711,1.8290971454222935
sample_421,1801.497381119739,0.027109990863436382,1.829191355471106
sample_422,1801.4389598099672,0.02711,1.8291605746810466
sample_423,1799.6755809615001,0.027052653410819888,1.8289665843695022
sample_424,1801.247542453262,0.02711,1.829247525231844
sample_425,1801.1405119492708,0.02711,1.8293022204159721
sample_426,1801.0463411269243,0.02710999992656069,1.8293424082133414
sample_427,1800.9323693079753,0.02711,1.829407082436817
sample_428,1800.8427436794698,0.02710999992613879,1.8294392847530556
sample_429,1800.6875383132979,0.02711,1.8295684424765595
sample_430,1679.510393355807,0.026604504951162254,1.9999959078689262
sample_431,1795.7617516338034,0.02697632987436243,1.830328813372166
sample_432,1800.389907595284,0.02711,1.8297097838978271
sample_433,1800.2602369114707,0.02711,1.829793956657603
sample_434,1800.1370587414503,0.02711,1.8298850624510794
sample_435,1800.0385461892465,0.027109998129303415,1.8299396144376463
sample_436,1799.9146739514779,0.02711,1.8300157105102592
sample_437,1799.82472479877,0.027109952977344583,1.8300396661204132
sample_438,1799.745590789314,0.02711,1.830063962908715
sample_439,1799.618614105135,0.02711,1.8301535203958335
sample_440,1799.505595410118,0.027109998114779838,1.8302110327279395
sample_441,1799.3466607025691,0.02711,1.8303375766814565
sample_442,1799.2449866799243,0.02711,1.8303899598617952
sample_443,1799.0927090963553,0.02711,1.83049958480967
sample_444,1799.0177480188322,0.02711,1.8305180709853313
sample_445,1663.946963702663,0.026057310936771508,1.9990798095274604
sample_446,1798.8511991937914,0.02711,1.8305763045881012
sample_447,1798.7428367223326,0.02711,1.8306380201377128
sample_448,1798.6038948325058,0.02710999961657164,1.8307244879629976
sample_449,1733.9214411639648,0.026246865176942646,1.8881386770935764
sample_450,1798.3941189387647,0.027109990410078375,1.8308402577023108
sample_451,1798.257865079904,0.02711,1.8309497256727374
sample_452,1798.1740940902646,0.027109997720126892,1.8309776473064485
sample_453,1798.1024466772901,0.02711,1.8309775359482634
sample_454,1797.9737921454334,0.02711,1.831068452574488
sample_455,1587.1017526017959,0.01926638418815773,1.720508461272709
sample_456,1797.7245035966266,0.02710995112152728,1.8312439304527834
sample_457,1797.6304310925298,0.02711,1.8312784916163647
sample_458,1797.5094025189649,0.027109998056558778,1.8313541783999383
sample_459,1797.400471619756,0.027109999610170167,1.8314228560788304
sample_460,1797.289142825022,0.02711,1.831486023615149
sample_461,1797.1802525078106,0.02711,1.8315530086641738
sample_462,1797.063088028187,0.02711,1.8316305063781462
sample_463,1796.9342754741836,0.027109999606472843,1.8317066415982919
sample_464,1796.8306546973597,0.02711,1.8317652415433054
sample_465,1796.6907826477634,0.02711,1.8318720935877353
sample_466,1796.5681951417946,0.027109999603401023,1.831954804010664
sample_467,1796.478694731803,0.02710999960284196,1.8319818476802077
sample_468,1796.377284966228,0.02711,1.8320205744206064
sample_469,1796.2659765818612,0.02711,1.832090602158315
sample_470,1796.1593299567255,0.02711,1.8321455782321614
sample_471,1796.0576790481578,0.02711,1.832196605537319
sample_472,1795.9730971030876,0.02711,1.8322177978594676
sample_473,1795.8824130593564,0.027109998733754092,1.8322432772165589
sample_474,1795.7442653990142,0.02711,1.8323508503713106
sample_475,1795.6613364305758,0.02711,1.8323742954096025
sample_476,1795.5567528853646,0.027109999593675257,1.8324373930614692
sample_477,1795.4350385721773,0.027109949063754336,1.8325196749491373
sample_478,1795.3153371550684,0.02711,1.8325859754268448
sample_479,1795.2120829655003,0.02710999795867318,1.832640784383952
sample_480,1795.1250169682157,0.02710995481613005,1.832667111486253
sample_481,1795.0586561749014,0.02711,1.832669545752471
sample_482,1794.9536608145627,0.02710998972138696,1.8327352713327263
sample_483,1794.8691985622684,0.02711,1.8327600154071995
sample_484,1794.7753003464532,0.02710998970112183,1.832801665553787
sample_485,1794.7180309122157,0.02711,1.832781771054304
sample_486,1794.6243747184792,0.02711,1.832830497042927
sample_487,1794.5048431576795,0.02711,1.832890267685891
sample_488,1794.4040402312007,0.02711,1.8329525858056543
sample_489,1794.284596407223,0.02711,1.8330354481887388
sample_490,1541.7358574514049,0.017891248267214905,1.6953754301331772
sample_491,1791.8637738466282,0.027034604772805372,1.8328796005653385
sample_492,1793.9333470285053,0.02711,1.8332499275723118
sample_493,1793.7837284514592,0.02711,1.8333701462809233
sample_494,1793.7045524746823,0.02710999957847311,1.8333990294148816
sample_495,1793.5981144910459,0.02711,1.8334565190654115
sample_496,1793.5160513703984,0.02711,1.8334773680628933
sample_497,1793.4051417234402,0.02711,1.8335522462352902
sample_498,1793.2938548925442,0.02711,1.8336031549849463
sample_499,1793.190403219001,0.027109999575043564,1.833656908329361
sample_500,1687.8446713961189,0.027064439057410523,2.0
sample_501,1781.4457890060828,0.026682974323802268,1.8307286669743315
sample_502,1792.7763728438122,0.027109989308486706,1.833966557253747
sample_503,1774.4742055615736,0.026454193534421667,1.8299943445039926
sample_504,1792.5875105353775,0.02711,1.8340509298467553
sample_505,1792.5268913822813,0.02711,1.834056334671885
sample_506,1792.4298329782714,0.02711,1.8340954648873142
sample_507,1792.3269767507306,0.02711,1.8341464746865672
sample_508,1792.2005661368187,0.02711,1.8342417193101623
sample_509,1792.047982508303,0.02711,1.8343534846353167
sample_510,1791.9437982373602,0.02711,1.8344026714702981
sample_511,1680.36309572703,0.026791179510179248,1.9988017072320552
sample_512,1791.6533841541054,0.027109999565957162,1.8346386420894452
sample_513,1791.5568171210016,0.02711,1.8346944365568483
sample_514,1791.4625002871733,0.02711,1.8347322017188383
sample_515,1791.355908096611,0.02710999782465791,1.8347760598150848
sample_516,1791.2441620191153,0.027109999569857685,1.8348399418004109
sample_517,1791.1570409752799,0.027109999912899245,1.8348649724806565
sample_518,1791.0773574385005,0.027109989110154133,1.8349004972793044
sample_519,1790.9708776877249,0.02711,1.8349679065153244
sample_520,1790.9075487348673,0.027109989067494296,1.834972351047062
sample_521,1790.7781082257097,0.02711,1.835062389457534
sample_522,1790.6780955609174,0.02711,1.8351096106763685
sample_523,1790.588671415125,0.02711,1.8351413958295957
sample_524,1790.4595036551807,0.02711,1.8352325213231944
sample_525,1790.3478674419503,0.02710994453098891,1.835290692088755
sample_526,1783.8467017355179,0.026851298453638726,1.8326988389142629
sample_527,1790.148851808301,0.027109999592940665,1.835386196056827
sample_528,1790.0310716411755,0.02711,1.835457266722018
sample_529,1789.935463963414,0.02711,1.835497963744653
sample_530,1789.8292532541172,0.02710998882421426,1.8355511641158695
sample_531,1789.721562910512,0.02711,1.8356092932098362
sample_532,1789.6089788373465,0.027109988774765774,1.8356884344085735
sample_533,1789.479716473008,0.027109997754542706,1.835783501910984
sample_534,1782.2955522244413,0.026724432144430918,1.828272882924195
sample_535,1789.2040128027595,0.02711,1.8359808012254146
sample_536,1789.0996149508835,0.02710999954734147,1.836035700645144
sample_537,1789.027463730973,0.02711,1.836054866834914
sample_538,1788.9065021291538,0.02711,1.8361253183733288
sample_539,1788.8078611782423,0.02710999954583542,1.8361767754696476
sample_540,1788.6796576108609,0.02711,1.8362554403385642
sample_541,1788.6062797765699,0.02711,1.8362638235242987
sample_542,1788.5200085815572,0.02711,1.836293958136284
sample_543,1788.419229957318,0.02711,1.8363267650830501
sample_544,1788.3211573950935,0.027109999837143527,1.8363727669632237
sample_545,1672.524039974567,0.02624389568223133,1.9825980555132465
sample_546,1788.1240811844943,0.02711,1.8364585255258639
sample_547,1768.7485013889511,0.02615378203955094,1.819787202446443
sample_548,1787.9059181031282,0.02711,1.8365679537064181
sample_549,1787.8006128288746,0.02711,1.8366286522238469
sample_550,1787.6556477639772,0.02710999766814622,1.8367374400036462
sample_551,1787.5907986849647,0.02710999953293855,1.8367354228414954
sample_552,1787.4759786374016,0.02711,1.8368069372163307
sample_553,1787.362787544657,0.02710999765130389,1.8368701661652864
sample_554,1783.6373044686125,0.026996775319539933,1.8369952751680396
sample_555,1787.162534437587,0.02711,1.8369695443799694
sample_556,1765.8779163520664,0.026869270268737526,1.8579530547775438
sample_557,1786.9254630284936,0.02711,1.8371124920326427
sample_558,1786.804567358902,0.027109997637913778,1.837181139565961
sample_559,1786.7026606937338,0.02711,1.8372368108315358
sample_560,1786.615859463583,0.02710999952692485,1.8372703312665113
sample_561,1786.505203577469,0.02711,1.8373410690456
sample_562,1786.3739546165798,0.02711,1.8374239511231591
sample_563,1786.2750201274534,0.02711,1.8374744126056883
sample_564,1786.1193124278516,0.02711,1.8376102594564883
sample_565,1786.0101649886942,0.027109999903883953,1.837664247390736
sample_566,1785.875421726754,0.027109987969749068,1.8377569549298303
sample_567,1785.767282019341,0.02711,1.8378334485086272
sample_568,1785.6661783058998,0.027109999516782432,1.8378930659366024
sample_569,1785.5422608986887,0.027109987889622277,1.8379765113837438
sample_570,1785.4077571335563,0.02710993908383191,1.8380592053487308
sample_571,1637.9572206795772,0.025435703394948914,1.9999999999991818
sample_572,1785.24844928471,0.02710998783281682,1.8380944307436455
sample_573,1785.1106912790146,0.02711,1.8382019538376224
sample_574,1784.9675620015896,0.02711,1.8383104629457419
sample_575,1784.902539755252,0.02711,1.8383021741392551
sample_576,1784.8120372205983,0.02711,1.8383259407685253
sample_577,1784.7302906172288,0.02711,1.8383465237126304
sample_578,1784.6045310530094,0.02711,1.838427189273571
sample_579,1784.521208537131,0.02711,1.8384566807947629
sample_580,1784.418789942206,0.02711,1.8385153999538748
sample_581,1784.330546977626,0.02711,1.8385469625751696
sample_582,1784.2038992711348,0.02711,1.8386188440692866
sample_583,1784.094785587086,0.02710999990078783,1.838693942966279
sample_584,1784.0023758477203,0.02710999751791493,1.8387249635783047
sample_585,1783.8880282738094,0.02711,1.838776065808391
sample_586,1783.7711266451452,0.02711,1.8388537269007839
sample_587,1783.6633222944413,0.02711,1.8389217356920073
sample_588,1783.5316787357262,0.027109997487373656,1.8390127613008214
sample_589,1771.293541778424,0.02702174001128902,1.8532819641693963
sample_590,1783.3005733397076,0.02711,1.8391491642573738
sample_591,1783.1865445573794,0.02711,1.8392125116492226
sample_592,1783.0579200052177,0.02711,1.8392962791207312
sample_593,1782.954087433194,0.02710998717507596,1.839349568178695
sample_594,1782.8973987539819,0.02711,1.8393410818050226
sample_595,1782.7851719993084,0.02711,1.839403829907285
sample_596,1782.64772261618,0.02711,1.8395083996227986
sample_597,1782.5330094966992,0.02711,1.8395808200731951
sample_598,1782.3716119246455,0.02711,1.8397081703969693
sample_599,1782.2769478348791,0.02711,1.8397436831028973
sample_600,1782.1951480757612,0.02710999739049097,1.839764930188625
sample_601,1782.1114410970952,0.02710999947588337,1.8397948757408675
sample_602,1781.980367520343,0.02711,1.8398858566195375
sample_603,1147.4635539334265,0.007366834731960843,1.154049253412637
sample_604,1781.7512405572,0.02711,1.840033127012836
sample_605,1781.6347327309777,0.02711,1.8401089318124424
sample_606,1781.523592318914,0.02711,1.8401641926991454
sample_607,1781.3698466353537,0.02711,1.8402959127769956
sample_608,1781.2517256222827,0.02711,1.8403583210826546
sample_609,1781.123380466182,0.02711,1.8404528652304035
sample_610,1781.0152186798282,0.02710999734102849,1.8405022053922282
sample_611,1780.91822078101,0.0271099973348735,1.8405475089803478
sample_612,1780.7938484209096,0.02711,1.840616946530799
sample_613,1780.6885148090673,0.027109933663060966,1.8406758577452076
sample_614,1780.5735710741212,0.027109997332646688,1.8407528014270618
sample_615,1780.462753629052,0.02711,1.8408203572972153
sample_616,1780.3984790405214,0.02711,1.8408253323898045
sample_617,1780.2944488467597,0.02711,1.840864280988125
sample_618,1780.1973524057469,0.02711,1.8408955804818123
sample_619,1780.0641929911942,0.02711,1.840985595270585
sample_620,1779.9449811795373,0.02711,1.8410655038218426
sample_621,1779.820550864121,0.027109930683717327,1.841154244436325
sample_622,1779.6627760774293,0.027109999453581463,1.8412863369826344
sample_623,1779.5384473705637,0.02711,1.841360286319771
sample_624,1779.4420973980418,0.027109986269954377,1.8414059200838355
sample_625,1779.2947069899026,0.02711,1.8415115561919462
sample_626,1779.1890556898622,0.02711,1.8415576484326146
sample_627,1755.096621820978,0.0262396660498804,1.8363250221722833
sample_628,1778.9438948656468,0.02711,1.8417116402635878
sample_629,1778.786495224431,0.02711,1.8418317509925242
sample_630,1778.6243523969983,0.027109997197535336,1.8419631866714112
sample_631,1778.5226778739216,0.02711,1.8420091129703462
sample_632,1778.4357813393592,0.02711,1.8420391495806596
sample_633,1778.3524954293903,0.027106306041180278,1.8419025537565392
sample_634,1778.214386028171,0.02711,1.8421640073770995
sample_635,1778.0938890991852,0.02711,1.8422292647459284
sample_636,1777.9745345124904,0.02710998569551569,1.8423073057855495
sample_637,1777.8668108817105,0.02710999942476312,1.8423584249650986
sample_638,1777.748426664255,0.02711,1.84242607743573
sample_639,1777.6447516228125,0.027109927690319262,1.8424722857792692
sample_640,1777.5502579047738,0.02711,1.8425204575610927
sample_641,1777.401420009252,0.02711,1.842640414957467
sample_642,1777.316408353458,0.02711,1.8426600424796669
sample_643,1777.176998791588,0.02711,1.8427658353246392
sample_644,1777.0815297517813,0.02711,1.8427942724527444
sample_645,1776.9729963020052,0.02711,1.8428557916421784
sample_646,1776.8821166290622,0.02711,1.8428831760649367
sample_647,1776.721779911063,0.02711,1.8430129588375173
sample_648,1776.5809187369262,0.027109999412632167,1.8431216349251247
sample_649,1776.4820852993323,0.02711,1.843167958156516
sample_650,1776.3946669755862,0.027109997610792958,1.8432039373378735
sample_651,1776.269083439681,0.02711,1.843290467175841
sample_652,1776.1461535429821,0.02711,1.843368058444982
sample_653,1776.0216890680529,0.02711,1.8434487050337893
sample_654,1775.8671864630974,0.027109999401785143,1.8435699479054368
sample_655,1768.3650380082233,0.026816411831632823,1.840978269343485
sample_656,1775.6187807519805,0.02711,1.8437357998911688
sample_657,1775.5037971964005,0.027109996984974044,1.843797884066489
sample_658,1775.3918081498734,0.02711,1.843866270202752
sample_659,1775.3036725838383,0.027109984521217236,1.843903035028617
sample_660,1775.170523146829,0.02711,1.8439976168683931
sample_661,1775.0549269814046,0.027109996937145928,1.8440588549020862
sample_662,1774.9753367139783,0.02711,1.8440745023573877
sample_663,1774.8277141428284,0.027109996920043514,1.8441824801448599
sample_664,1774.7497006697822,0.02711,1.844177861560501
sample_665,1774.6500526050108,0.027109999382266818,1.8442196186604896
sample_666,1774.5314500832499,0.02711,1.8442788181155698
sample_667,1774.4484258150849,0.02711,1.8442831821138854
sample_668,1774.2883860315983,0.02711,1.8444176880101906
sample_669,1774.1960931741853,0.02711,1.8444596497605747
sample_670,1774.0900225916755,0.02711,1.844513901451252
sample_671,1773.9817828669923,0.02711,1.8445469021050853
sample_672,1773.8555424771216,0.027109996869913052,1.8446100077527547
sample_673,1767.2458736502851,0.026909692771665793,1.8450210684566262
sample_674,1773.623568167283,0.02711,1.844742143898504
sample_675,1773.5197574277188,0.02711,1.844791283230381
sample_676,1773.420270201343,0.02711,1.8448308139695488
sample_677,1773.2961421512935,0.027109999371426247,1.8449016384424202
sample_678,1773.1886066080344,0.02710999937036679,1.844940031471248
sample_679,1773.082144060708,0.02711,1.8449918657877844
sample_680,1772.9431622394059,0.02711,1.845080494936941
sample_681,1772.801525382135,0.02710992060608578,1.845161630130485
sample_682,1772.66957837246,0.02711,1.8452509447855474
sample_683,1772.5140403640023,0.02711,1.845368667655073
sample_684,1772.4104476311015,0.02711,1.8454044448762874
sample_685,1772.226715172473,0.02711,1.8455562978101145
sample_686,1772.1025803413079,0.02711,1.845632383290691
sample_687,1751.0932029176493,0.02621627695821259,1.834817103927848
sample_688,1771.8619046614397,0.027109996743019713,1.8457751517251464
sample_689,1771.7277306502426,0.02711,1.8458632299090505
sample_690,1771.5952485208943,0.027109916337755148,1.8459459075905582
sample_691,1771.4784353246407,0.02711,1.8460108151803367
sample_692,1771.3767256047386,0.027109983481808063,1.8460548750704278
sample_693,1771.268879473762,0.027109916843829174,1.8460950462132328
sample_694,1771.156888091193,0.02711,1.84615818871526
sample_695,1771.008358613548,0.02711,1.8462689742897271
sample_696,1770.87751351853,0.02711,1.8463526827084535
sample_697,1744.8191442037298,0.014422657993446084,0.6891290019775665
sample_698,1770.6182906055637,0.02710999986426966,1.8465277805339393
sample_699,1770.5085166026622,0.02711,1.846573118445329
sample_700,1770.3858280491804,0.02711,1.8466505537011275
sample_701,1770.2625214145123,0.02711,1.84670602495057
sample_702,1770.0601939292044,0.02711,1.8468788033267571
sample_703,1769.9223709404782,0.02711,1.8469766999222093
sample_704,1769.8254507148567,0.02710999654994551,1.8470190818018841
sample_705,1768.5764779218941,0.02706756513238505,1.8468017078462704
sample_706,1769.6300626068796,0.02711,1.8470847432755013
sample_707,1769.5606733853929,0.02711,1.8470860995859704
sample_708,1769.4757967007622,0.027109999301878546,1.847094552830767
sample_709,1740.9672607589916,0.025971419745551096,1.835854104862515
sample_710,1769.2394340770336,0.02711,1.8472332680762689
sample_711,1769.116412349631,0.02710990694778149,1.847300758217097
sample_712,1768.976633661366,0.02711,1.847399381380488
sample_713,1758.5661194121044,0.026699176414727865,1.8436849815097944
sample_714,1768.7421559877007,0.027109906739655475,1.84752324939586
sample_715,1768.6249146738267,0.02711,1.8475846840944175
sample_716,1768.5269221173648,0.02711,1.8476229367471233
sample_717,1768.413092100017,0.027109999280262524,1.847671263127144
sample_718,1768.3016657628018,0.027109981937022184,1.8477149687278744
sample_719,1768.1583652455286,0.02711,1.8478231329240842
sample_720,1767.9992335118773,0.027109999272430168,1.8479616335364049
sample_721,1767.8782147168824,0.02711,1.8480272778323124
sample_722,1767.7418615098834,0.027109999265636252,1.84810420215078
sample_723,1767.604999917522,0.02711,1.848170681512318
sample_724,1767.4621994127679,0.027109981552403156,1.8482594389228286
sample_725,1767.3376553316064,0.02711,1.8483300550917345
sample_726,1767.1985324165753,0.02711,1.8484184862555442
sample_727,1755.4207455067074,0.02663816615626096,1.8438777885320152
sample_728,1766.9420413911957,0.02711,1.8485313887711292
sample_729,1766.8224300896045,0.02710999984991128,1.8485974608532885
sample_730,1766.6558946621026,0.02711,1.8487390342270231
sample_731,1766.5551592938782,0.02711,1.8487611152672025
sample_732,1753.538720655269,0.026650429310257216,1.8466572315759804
sample_733,1766.2045102780892,0.02711,1.8490423551846844
sample_734,1766.0525562284488,0.02710999923332304,1.8491595725828371
sample_735,1765.945978890078,0.02711,1.849192389809711
sample_736,1765.7985902781609,0.02711,1.8492884397087852
sample_737,1745.5443307535247,0.02622973038790542,1.838110010431204
sample_738,1765.5948547989242,0.02711,1.8493613275873093
sample_739,1765.3976268767983,0.027109998931520576,1.8495364362365032
sample_740,1765.255161115558,0.02711,1.8496378089079084
sample_741,1749.1405843266925,0.0264505507067138,1.8427490381426885
sample_742,1761.0644355230206,0.026938446925990928,1.8477059511989722
sample_743,1764.9436141964422,0.027109979736465024,1.8497389304760659
sample_744,1764.8476275030478,0.02711,1.8497627670667807
sample_745,1764.7503450838797,0.02711,1.849796771981824
sample_746,1764.5727163897566,0.02711,1.8499362505433115
sample_747,1764.4855682638647,0.02711,1.8499465028624358
sample_748,1764.3656302136822,0.02711,1.8500011188362517
sample_749,1764.2698889337476,0.02711,1.850030320573604
sample_750,1764.165736253221,0.027109979270235167,1.8500583400042079
sample_751,1764.0570764423055,0.027109979305414818,1.8500960645781397
sample_752,1763.9233527556944,0.02711,1.8501664054011615
sample_753,1763.7784527362403,0.027109894321864333,1.850243039960941
sample_754,1763.6406960446895,0.027109995729229758,1.850334843082818
sample_755,1763.5371624432473,0.02711,1.85037343882009
sample_756,1761.6115695713313,0.02703311181877917,1.8495732163496987
sample_757,1763.3034290574888,0.02711,1.850481537887882
sample_758,1763.2189909694064,0.02711,1.8504833575959325
sample_759,1763.0364881014016,0.02711,1.8506291970392414
sample_760,1762.8697084711664,0.02711,1.850743331286296
sample_761,1762.738895610521,0.02711,1.850806162363698
sample_762,1762.5955991927683,0.02711,1.850887142071552
sample_763,1756.2602882467736,0.026849840758069204,1.8481519949576333
sample_764,1762.342623878364,0.02711,1.8509854770702585
sample_765,1745.967003537403,0.0264628961327362,1.8451270202971481
sample_766,1762.1119692122859,0.02711,1.8510809507469346
sample_767,1761.8749202659153,0.02710988605294135,1.851282732875368
sample_768,1761.7383969977727,0.02711,1.8513576546022503
sample_769,1761.6471693281014,0.02711,1.8513522384805354
sample_770,1761.4972765676057,0.02711,1.8514453295463358
sample_771,1761.3907583573666,0.027109999065832554,1.8514770695818796
sample_772,1761.2564439644482,0.02711,1.8515543015253255
sample_773,1761.1231497783378,0.02711,1.8516166914682755
sample_774,1760.9705566068396,0.02710999905480918,1.8517230625136323
sample_775,1760.7977747787183,0.02711,1.8518325259329171
sample_776,1760.651943804596,0.027109999037774585,1.8519251250210582
sample_777,1760.5276961480527,0.027109999028920074,1.8519998448978487
sample_778,1760.3879821201951,0.027109995129597695,1.8520881453674116
sample_779,1760.2644569689303,0.02711,1.8521369683751663
sample_780,1760.1553410301217,0.02711,1.8521674392218168
sample_781,1760.0256176724597,0.02710996495883714,1.852220211113995
sample_782,1759.8139645117005,0.027109998998410757,1.8523904544554957
sample_783,1759.6433104859302,0.02711,1.8524889080648181
sample_784,1735.780223000789,0.02613261699700475,1.842233346072712
sample_785,1759.3621719561056,0.02711,1.8526451584470418
sample_786,1759.2202880223697,0.02711,1.852721414684377
sample_787,1759.0171392415502,0.02711,1.8528850973716884
sample_788,1758.9374415298357,0.02711,1.8528809949184224
sample_789,1758.7696721531765,0.02711,1.85299728231235
sample_790,1758.5514531053811,0.02711,1.8531513088334794
sample_791,1758.404783142244,0.02711,1.8532305267105147
sample_792,1758.174165536281,0.02711,1.853441455849648
sample_793,1758.0145227189983,0.027109998931204,1.8535415267066746
sample_794,1757.8788112444302,0.027109999780736423,1.8536090044472269
sample_795,1757.7160340524133,0.02711,1.8537118645682917
sample_796,1757.5440989740403,0.027109994575957235,1.8538145047048724
sample_797,1757.380597859729,0.02711,1.8539124460052925
sample_798,1757.2083960573243,0.02710986473958854,1.8540307400564475
sample_799,1757.0672768159748,0.027109994412117578,1.8541105689176411
sample_800,1749.6141483384235,0.026801612675383734,1.8508759897974552
sample_801,1756.681911008941,0.02711,1.8543932659000795
sample_802,1756.5755114502458,0.02711,1.854413243223485
sample_803,1756.4630606781923,0.02710999886436026,1.8544315348396974
sample_804,1756.3381196236435,0.02711,1.8544908244250382
sample_805,1756.2101908853488,0.02711,1.8545592456556292
sample_806,1756.0593944393913,0.027109994245528814,1.8546521001802303
sample_807,1755.8902584187506,0.02711,1.8547669932389117
sample_808,1755.7017811974795,0.02711,1.854905232852779
sample_809,1755.580228209528,0.027109852380541626,1.8549280943623327
sample_810,1755.4135924718075,0.02711,1.8550444294476383
sample_811,1755.2800252328798,0.02711,1.8550849309213253
sample_812,1755.148574582141,0.027109998794533314,1.8551254139659175
sample_813,1754.9768109675529,0.02710984825656372,1.8552198036292107
sample_814,1754.8408632842738,0.02711,1.8553000250592757
sample_815,1754.6139121706244,0.02711,1.855486189486183
sample_816,1754.442909215662,0.02710999380324556,1.8556020629806975
sample_817,1754.1714197637177,0.02711,1.8558603428318932
sample_818,1754.037626207128,0.02711,1.855912706018859
sample_819,1751.8192353627494,0.0270104107671244,1.8544814449295854
sample_820,1753.716287218859,0.02711,1.8560860486422668
sample_821,1753.5886865802293,0.02711,1.8561284298716543
sample_822,1753.4905398232231,0.02711,1.8561126369584349
sample_823,1753.3619963487142,0.02711,1.8561528855478389
sample_824,1753.2501233816263,0.02711,1.8561775992120082
sample_825,1733.7625719102741,0.02629890360714355,1.84737108426541
sample_826,1752.8341174333405,0.02711,1.8564652742831385
sample_827,1752.6707126979115,0.02711,1.856548706621047
sample_828,1752.4802284993796,0.02711,1.856675220646628
sample_829,1752.2803388777031,0.02711,1.8568012352735002
sample_830,1675.7573695390604,0.02574526908086256,1.9135239711526075
sample_831,1751.885947450745,0.027109991119297804,1.8570684776640771
sample_832,1746.524678836578,0.026888904357827783,1.8547315754749676
sample_833,1751.6556601843768,0.02711,1.8570880199410815
sample_834,1751.529922478159,0.02710999857745862,1.8571269187938981
sample_835,1751.330595194407,0.02711,1.8572768514244917
sample_836,1751.1510772726433,0.02711,1.8573781094135478
sample_837,1750.960911379307,0.02711,1.8575075057726955
sample_838,1750.8285364824435,0.02711,1.8575459429406556
sample_839,1750.6478332380382,0.02711,1.8576527392896471
sample_840,1750.440790946658,0.02711,1.8578050892270834
sample_841,1750.2272650025445,0.027109992323507918,1.8579410163483145
sample_842,1750.0611594500717,0.027109998419983343,1.8580369883613326
sample_843,1749.9160039300914,0.02711,1.858079152347615
sample_844,1749.7381847179395,0.02711,1.8581775147037007
sample_845,1749.6112385244971,0.02711,1.8582088772570475
sample_846,1749.3957538432885,0.02710979581082339,1.8583320275143014
sample_847,1749.20320622017,0.02711,1.8584592319635849
sample_848,1748.9776985052397,0.02711,1.8586159477196749
sample_849,1748.8532912988894,0.02711,1.8586365761984291
sample_850,1748.7125108669898,0.02711,1.8586856897494104
sample_851,1748.5450974707337,0.027109998266374617,1.8587758630136488
sample_852,1748.3469481601726,0.02711,1.8589056396382353
sample_853,1748.187517310732,0.02711,1.8589778181856718
sample_854,1682.2902332356896,0.02443393359844444,1.8293172443310333
sample_855,1745.6626021178922,0.027021603325739562,1.8583581758514185
sample_856,1747.645346863559,0.02711,1.8592882433885214
sample_857,1747.4822575850808,0.02711,1.8593547254963572
sample_858,1747.281297450927,0.02711,1.8594832194577096
sample_859,1747.043107424259,0.02710976007435997,1.8596489328184116
sample_860,1746.8464363568025,0.02711,1.8597875915238864
sample_861,1746.6621776348027,0.02711,1.8598958434978943
sample_862,1730.8235971729541,0.02646803160394241,1.8537239830444567
sample_863,1746.3389109411164,0.027109740504578227,1.8600152208437257
sample_864,1746.1317857210388,0.027109705703345484,1.8601492688001893
sample_865,1745.9503334062404,0.02710999956733632,1.8602454845829586
sample_866,1745.7220788621448,0.02711,1.860413857207908
sample_867,1745.570412524197,0.02710993558568248,1.860460599177916
sample_868,1745.364772599606,0.02711,1.8605775172711998
sample_869,1745.1886775651426,0.027109938597208078,1.8606141283013165
sample_870,1744.9208971297746,0.02711,1.860836372757686
sample_871,1744.7577826450129,0.02711,1.8608955987341937
sample_872,1744.496118039486,0.02710993696178343,1.8610905420719517
sample_873,1744.327004984258,0.02711,1.8611539126382979
sample_874,1744.1504447048783,0.027109987181101233,1.861219701682444
sample_875,1743.9877604344338,0.02711,1.861260195663631
sample_876,1743.8093123263434,0.027109997343478937,1.861363920337196
sample_877,1743.6098605099219,0.027109931703295637,1.8614705103180051
sample_878,1743.3435951150923,0.02710992862179931,1.8616538750256595
sample_879,1743.0896935520975,0.027109932456040195,1.8618021794541282
sample_880,1742.8207373930213,0.02710965831619614,1.8619755687894644
sample_881,1742.7201334732172,0.02711,1.8619311237164198
sample_882,1742.5540837833507,0.02711,1.8619930148147519
sample_883,1742.3767906385003,0.02710961933224566,1.8620350487108028
sample_884,1742.198830007288,0.02711,1.862107633770129
sample_885,1741.9292036200848,0.02711,1.8623331615856837
sample_886,1741.6772153781474,0.02711,1.862542872052112
sample_887,1741.4573513506598,0.02711,1.8626481025515749
sample_888,1741.2509779160725,0.02711,1.862752751317997
sample_889,1740.9724851150643,0.02711,1.8629340113353126
sample_890,1740.7568081654492,0.027109909583368296,1.8630678870476918
sample_891,1740.495471545608,0.02710999618491081,1.8632781404271876
sample_892,1740.2310448731912,0.027109898990605955,1.863469750066189
sample_893,1739.9407935512945,0.027109995639583512,1.8636895630020778
sample_894,1739.6962853565822,0.027109885539508705,1.8638704210706236
sample_895,1739.3865399196554,0.027109995121390847,1.8641229976379206
sample_896,1739.182116345971,0.027109995129302435,1.8642023772336611
sample_897,1738.8372952838856,0.027109882494972724,1.864483268665015
sample_898,1709.6103576212063,0.02671945436915014,1.8917294119191856
sample_899,1738.2886376268984,0.027109973388430603,1.864850345417863
sample_900,1738.096202049627,0.02710986203281333,1.864906740808371
sample_901,1737.8429037510332,0.02710997184844477,1.8650480188477383
sample_902,1737.6589094925805,0.02711,1.8650984971893279
sample_903,1737.3836965934963,0.02711,1.8652617529159323
sample_904,1737.1201564902408,0.027109994146164336,1.865447099271369
sample_905,1736.8813866412997,0.02711,1.8655820641342205
sample_906,1726.6151588351129,0.026674207863412246,1.8607316511843666
sample_907,1736.539199463099,0.027109963392631012,1.8656270145110416
sample_908,1736.1523341279724,0.02711,1.865962537889653
sample_909,1735.8835015748352,0.02711,1.866137895584894
sample_910,1735.619037197229,0.02711,1.86629475475507
sample_911,1735.296175867844,0.02711,1.8665575234150296
sample_912,1735.0574126409592,0.027109990993041604,1.8667023098332352
sample_913,1734.7208292623718,0.02711,1.8669712252598756
sample_914,1725.7878423486181,0.026738758093532627,1.8630698157446048
sample_915,1733.0079537409479,0.027066516375655013,1.8670452162618403
sample_916,1733.884578937597,0.02711,1.867465035304534
sample_917,1717.864158626109,0.02643389364250232,1.8601326358481356
sample_918,1733.3509647078617,0.02711,1.8677612087597113
sample_919,1733.0842336088008,0.02711,1.867894913374842
sample_920,1732.8236160980014,0.02711,1.8680053229553024
sample_921,1731.0449029919728,0.02704309086697261,1.8673328565462917
sample_922,1729.247143605468,0.026981488172149546,1.866987704235687
sample_923,1727.3743323527826,0.026912797005036217,1.8663941058319387
sample_924,1724.8848412715108,0.02681939597813403,1.8656018462534423
sample_925,1723.510999973615,0.02677272659362988,1.8652452136515119
sample_926,1722.4298852532295,0.026739811054751594,1.8651065686417336
sample_927,1718.656936690385,0.026590601190637542,1.8635805984353642
sample_928,1718.6600522169308,0.026601543587163476,1.8638278032238527
sample_929,1717.0901259006573,0.02654682905851358,1.8633723267022104
sample_930,1715.3420275567607,0.026490109550367444,1.863078472902043
sample_931,1715.0426562489197,0.02648893809910967,1.8632131867717947
sample_932,1712.0296286204107,0.026377041006703496,1.8622573799194366
sample_933,1712.5704993879206,0.026411065231068634,1.8627950151572468
sample_934,1708.6427324029712,0.026258924091239973,1.8612993089452783
sample_935,1707.459842956027,0.02622315122081846,1.8610913573963863
sample_936,1703.7492987056871,0.026083953359566477,1.859893451837779
sample_937,1700.0877537228853,0.025941015135948795,1.8584256961215686
sample_938,1698.6704326020993,0.02589796587840302,1.8582297073136964
sample_939,1698.280607781225,0.025896667755175636,1.8584367325628497
sample_940,1696.7964055946081,0.025845155923987034,1.8578937324630218
sample_941,1584.7766475150822,0.02139396672874717,1.7980155207063018
sample_942,1689.7251214374746,0.025583396372333186,1.8554782174924387
sample_943,1687.950522343683,0.02552365919275452,1.854973511843084
sample_944,1543.438343887654,0.019922609007975312,1.7750666354647275
sample_945,1683.0398381157863,0.02535486899243947,1.853657403196602
sample_946,1681.9619290773564,0.025328805894499023,1.8536972927936377
sample_947,1679.771505596616,0.025260467039303566,1.8533800562783012
sample_948,1678.692048928347,0.025227611785902455,1.8531014997711994
sample_949,1677.7219355201546,0.02520927977856659,1.853343747546402
sample_950,1674.894763726883,0.02510977179754388,1.852448608194163
sample_951,1673.4704238584509,0.025065302608824534,1.8520949497320789
sample_952,1669.2810646929267,0.024909707281441897,1.8504860512453165
sample_953,1666.3965833962134,0.024809722165199354,1.8496394567786092
sample_954,1664.4896005041353,0.024750614201623593,1.849236650295362
sample_955,1662.497943722051,0.02468927668915401,1.8488360261118801
sample_956,1463.7505398737155,0.01721207280291647,1.7185731754591607
sample_957,1658.850904385452,0.024575211148208202,1.8479382498004888
sample_958,1658.780594211787,0.024591239867264504,1.8484512993966864
sample_959,1656.4892565205419,0.02451846381387788,1.8479630264753786
sample_960,1655.5258238878575,0.024496403181497275,1.8479306691004702
sample_961,1653.7703008506965,0.02444070123212293,1.8474986063489731
sample_962,1651.3651567840684,0.024360641971896725,1.846736517047271
sample_963,1650.0508997580994,0.024330313434608286,1.846796388315365
sample_964,1649.2988534694628,0.024321796595441248,1.8470985444626034
sample_965,1640.173515722315,0.023983237787571023,1.8435965165652872
sample_966,1636.6758106840261,0.023869467958954758,1.8427711398060582
sample_967,1619.5856511177572,0.023196167441958897,1.8337190543060924
sample_968,1633.5360218122323,0.023779650117261197,1.8420488985286712
sample_969,1633.0456643762136,0.023770079584144087,1.841795047328477
sample_970,1627.6886567853096,0.02357288040258213,1.8393379581980476
sample_971,1624.2270699557796,0.023454962991957977,1.838018298650324
sample_972,1613.7918193542419,0.023059865247309214,1.832912204953652
sample_973,1611.907769276216,0.023001963184646368,1.8321322813504881
sample_974,1612.0937763093104,0.02303653985417092,1.8331556979916017
sample_975,1603.4192323465666,0.022713425466107686,1.8287230397626213
sample_976,1597.2988826161945,0.022503864683716294,1.8264396524143494
sample_977,1597.015544818732,0.02251991913121438,1.8270738549665306
sample_978,1593.4957625439995,0.022410564969785204,1.8259567343530094
sample_979,1586.9978365410132,0.022184324209278124,1.823112695040106
sample_980,1585.9539056374556,0.022176528840238727,1.8236902546349811
sample_981,1586.3449401717294,0.022220967006174507,1.824842998947592
sample_982,1579.3286467977434,0.02198183921355138,1.82198722673565
sample_983,1576.86795631485,0.021908300831025164,1.8210645715950817
sample_984,1554.9014527836346,0.02107775627154238,1.8077524720236047
sample_985,1573.394990434822,0.021825878621712716,1.8202319834348992
sample_986,1567.923166011585,0.021657379847001917,1.818668560911636
sample_987,1568.3096409122757,0.021732353676772,1.8214481843710177
sample_988,1558.4503556659708,0.02138777344954892,1.8165812820558458
sample_989,1551.4991904684582,0.021167398163049515,1.813729286653784
sample_990,1544.7277619855536,0.020949023697753238,1.8105477283813074
sample_991,1537.709832059601,0.020700205878795744,1.805732495697976
sample_992,1529.134872189008,0.02043969919755928,1.8027087790691134
sample_993,1519.8500836295862,0.020137653029156953,1.797845881562723
sample_994,1515.7429415919607,0.020027487525241295,1.7959269566368732
sample_995,1507.6044582148602,0.019806326138175307,1.7937670410932782
sample_996,1496.3897920341606,0.01942700811544175,1.7853807571131586
sample_997,1477.6931253275177,0.01885667376513735,1.777132498408459
sample_998,1455.4437035138487,0.01821589726959271,1.7683596637274719
sample_999,1406.1648818781716,0.01660844927955192,1.731329510536308
sample_1000,1392.7871120084656,0.016556521473497673,1.7423707083265274
