,0,1,2,3
sample_1,4999.999998263384,0.999999999524891,0.08916186572126181,102.0461354329358
sample_2,4999.99999639412,0.9999999993097627,0.0877317820967016,102.53300046850315
sample_3,5000.0,1.0,0.0866615780490561,103.23222419274573
sample_4,5000.0,1.0,0.08609455623636265,103.51152247166291
sample_5,5000.0,1.0,0.08572136101669095,103.62560995011584
sample_6,4999.999985325831,0.9999999921496792,0.08529733711413362,103.87051588158299
sample_7,5000.0,1.0,0.08499836431533744,104.00329718432256
sample_8,4999.999865938515,0.9999999836184459,0.08473596671138972,104.13601213599524
sample_9,4999.999999373787,0.9999999996721194,0.08456959208294304,104.14112533594465
sample_10,4999.999998159709,0.9999999996098108,0.08430876540114438,104.31947587666312
sample_11,4999.999998294525,0.9999999998671244,0.08419344669086633,104.31151719931138
sample_12,5000.0,1.0,0.0840252943325857,104.4049961131399
sample_13,5000.0,1.0,0.0838956348302096,104.43693210299001
sample_14,5000.0,1.0,0.0838095963348375,104.4221161493136
sample_15,4999.9999941788465,0.9999999993979314,0.08364273573541521,104.51271434279464
sample_16,4999.99999959292,0.9999999996392601,0.08350926686254427,104.57819378178004
sample_17,5000.0,1.0,0.08340775865998461,104.61160873933707
sample_18,4999.999994129034,0.9999999993715146,0.0832858263123277,104.66949811287122
sample_19,5000.0,1.0,0.08323014255038493,104.65701286968971
sample_20,5000.0,1.0,0.08310468392357316,104.7334727231887
sample_21,4999.999994063964,0.9999999993521994,0.08301877194309323,104.76553387313524
sample_22,4999.999980957956,0.99999999502564,0.08292382304746268,104.82060434980207
sample_23,4999.999909645242,0.999999985961893,0.0827893014997107,104.92081678040095
sample_24,4999.999808500282,0.9999999881967501,0.08270955000158048,104.95420925732721
sample_25,4999.999514354245,0.9999997891998738,0.08260287384176859,105.01127909342753
sample_26,4999.997237441275,0.9999994387853565,0.08254826301259376,104.99935729534883
sample_27,4999.999701017092,0.9999999180658162,0.08246572781505336,105.03419465503615
sample_28,4999.999583126948,0.9999998476740182,0.08235856453050668,105.11308795746218
sample_29,4999.999870750685,0.9999999799431071,0.08227060960057285,105.15920058160353
sample_30,5000.0,1.0,0.08219892386757799,105.18743449254505
sample_31,4999.999969019182,0.9999999926312991,0.08211409987569242,105.23726516227809
sample_32,4999.999995473038,0.999999999167782,0.082073942738984,105.2388539527627
sample_33,4999.987598876014,0.9999966894538381,0.08198844391364912,105.28778398379532
sample_34,4999.999988472155,0.9999999901362786,0.08192858827407859,105.30465514039061
sample_35,4999.997844774109,0.999999246098228,0.08186777957305294,105.32859251659461
sample_36,4999.999689255234,0.9999998002377849,0.08181373788366741,105.34254040480724
sample_37,4999.999755386353,0.9999997244804258,0.08174417637252529,105.37203070566997
sample_38,4999.9999980986,0.9999999998530794,0.08168954102041849,105.39029864916208
sample_39,5000.0,1.0,0.0816452286600045,105.40485119981518
sample_40,4999.999577602172,0.9999998350319009,0.08159016201729793,105.43210111851484
sample_41,5000.0,1.0,0.08153571979616708,105.45447987016712
sample_42,4999.989043638353,0.9999973098062523,0.08148380048560273,105.47488766624214
sample_43,4999.997267545534,0.9999995411748952,0.08142530831543401,105.50416914810388
sample_44,5000.0,1.0,0.08137796855947012,105.52033619620833
sample_45,4999.9999896660065,0.999999999346078,0.0813255720092138,105.54127952660494
sample_46,5000.0,1.0,0.08126686870707069,105.57172679199239
sample_47,4999.999734383921,0.9999999156841494,0.08121269619542673,105.59932200254262
sample_48,4999.997780428398,0.9999999909584755,0.08116265510425368,105.62345561694629
sample_49,4999.996004059762,0.9999995368466343,0.08110602595437856,105.65759547269643
sample_50,4999.99999014896,0.9999999992079224,0.081046178763905,105.70251811363374
sample_51,4999.996927096124,0.9999994410570464,0.08099167438429865,105.7356016276256
sample_52,4999.999674971191,0.9999997337227864,0.0809453135955244,105.75579237822348
sample_53,4999.995106665114,0.9999995818690028,0.08088214190907526,105.8047304530987
sample_54,5000.0,1.0,0.08086211370398258,105.788293237324
sample_55,4999.999992625598,0.9999999990451192,0.08081799145220364,105.81165029455252
sample_56,4999.9945212722205,0.9999994163562621,0.08076122996268006,105.85328033929933
sample_57,4999.999995089195,0.9999999991106602,0.08072019677079798,105.87037069616147
sample_58,4999.999752777209,0.9999999881167674,0.08067042865537682,105.90110055805623
sample_59,4999.99985106064,0.9999999789409985,0.08062376734797325,105.93066959058697
sample_60,4999.999989033662,0.9999999993921777,0.08058189369988017,105.94741498009886
sample_61,4999.999975096078,0.9999999954532847,0.08052357503786055,105.98639255943132
sample_62,4999.999608397627,0.9999998079688788,0.08047966572492535,106.01061881744974
sample_63,4999.99983930531,0.9999999627130218,0.08042297166605596,106.05185899027248
sample_64,5000.0,1.0,0.08039893441963168,106.04929714535812
sample_65,4999.999814746341,0.9999999805502024,0.08036400051577046,106.05994570006793
sample_66,4999.999658489953,0.9999997278568462,0.08030825360509009,106.09851226729126
sample_67,4999.999993164692,0.9999999983712734,0.08025758147639249,106.13254549370997
sample_68,4999.999931033014,0.9999999989467451,0.08019619350028141,106.18307841719829
sample_69,4999.99991119257,0.9999999643865981,0.08016303749727588,106.19716520274588
sample_70,4999.99590225193,0.9999995071378796,0.08013037650801522,106.21122257600882
sample_71,5000.0,1.0,0.08007722545725911,106.25237315981566
sample_72,4999.999996404289,0.9999999991638124,0.08004198684632859,106.27261982659418
sample_73,4999.999675057075,0.9999997207505072,0.08000487965575194,106.29654811899087
sample_74,4999.99942006045,0.9999998728634986,0.07997419488605233,106.30899644092611
sample_75,4999.994738220589,0.9999974932111748,0.07994750000011025,106.3158396551808
sample_76,4999.999993035047,0.9999999987022858,0.07992008153128555,106.32300129356817
sample_77,4999.999452729744,0.9999998740791778,0.07987507596017633,106.35536994866827
sample_78,4999.999944537763,0.999999997469983,0.07984273695782526,106.36777549004228
sample_79,5000.0,1.0,0.07979312242097696,106.40641567831105
sample_80,4999.999945470163,0.9999999973559656,0.07975009582727947,106.43642613194078
sample_81,5000.0,1.0,0.07971677517433111,106.45795825529972
sample_82,4999.999995614282,0.9999999993430793,0.07968510659837759,106.47348903443964
sample_83,4999.999672679339,0.9999997322198242,0.07963982745830642,106.5096557578929
sample_84,4999.999672892834,0.9999997332827526,0.07960730628566542,106.52986884362652
sample_85,4999.999983440699,0.9999999955916081,0.07957268662252272,106.55181203746476
sample_86,4999.999996385393,0.9999999977359317,0.0795373846219102,106.57138213800552
sample_87,4999.999965923968,0.9999999958795142,0.07951133161206264,106.57779928094945
sample_88,4999.999955820258,0.9999998120653223,0.07948116731305017,106.59282072040493
sample_89,4999.99735254816,0.99999865305996,0.07944526041673833,106.61269467785301
sample_90,4999.9999895547135,0.9999999852458074,0.07941385386495636,106.63259118704592
sample_91,4999.999981736182,0.9999999956903589,0.07938567884843603,106.64802532435682
sample_92,5000.0,1.0,0.0793537556198872,106.66704398907835
sample_93,4999.998515017439,0.999999932386298,0.07932646719543333,106.67580332985762
sample_94,4999.998690701243,0.9999999334750289,0.0793011680675407,106.68766533391958
sample_95,4999.999991094788,0.9999999929147848,0.07927102883009281,106.70490804595885
sample_96,4999.991566510629,0.9999973688492866,0.07924702211105504,106.71426423542364
sample_97,4999.999383789657,0.9999998510244915,0.07921517623164889,106.7298561408016
sample_98,5000.0,1.0,0.07918208303144171,106.75202976738431
sample_99,5000.0,1.0,0.07914730202935583,106.77471258115933
sample_100,4999.999325059027,0.9999998615231974,0.07912526728845024,106.77908030015261
sample_101,4999.99999672299,0.999999997629992,0.07909835809126496,106.79062047000428
sample_102,4999.999915245035,0.9999999996503623,0.07906977435220525,106.80481871340615
sample_103,4999.999661357569,0.999999760747795,0.07905026942013557,106.80993406256798
sample_104,4999.999973151275,0.9999999941655217,0.07902887695536799,106.81825628755558
sample_105,4999.993884251073,0.9999992568363149,0.0789951259484482,106.84035577253394
sample_106,4999.999995667795,0.9999999986062854,0.07896457241419193,106.85904463616329
sample_107,4999.999986294651,0.9999999881621091,0.07894559425738289,106.85806080479075
sample_108,4999.999435533804,0.9999998527420617,0.0789192372720994,106.87283198565947
sample_109,4999.998949462896,0.9999996815496377,0.07888811293454322,106.89377731051714
sample_110,4999.998868087502,0.9999999205091098,0.07886014475950315,106.90899339782182
sample_111,4999.999992339156,0.9999999991853947,0.07884133242337368,106.91209458606906
sample_112,4999.999609301205,0.9999998847490446,0.07881942545205815,106.92070691208797
sample_113,4999.999988033454,0.9999999994405174,0.0787937320428521,106.93241036581932
sample_114,4999.999834537662,0.9999999762742393,0.07878189520811066,106.92354860533008
sample_115,4999.996536160832,0.9999992954468024,0.07875750086206418,106.93267887236924
sample_116,4999.999941424733,0.9999999972976458,0.0787304861183977,106.94651962232165
sample_117,4999.996377154233,0.9999993089695212,0.078702301904633,106.96177133549709
sample_118,5000.0,1.0,0.07867367131847253,106.97858724272382
sample_119,4999.999987076,0.9999999875200897,0.07865685254348756,106.97470164848639
sample_120,4999.999789514366,0.9999999800899748,0.07861940310706524,107.00818225304694
sample_121,4999.993122728706,0.9999994025598418,0.0785902483134798,107.02915793377664
sample_122,4999.99715791703,0.9999996256283652,0.07856975345052145,107.03904809880115
sample_123,4999.999680792632,0.9999997354726371,0.07853502560845319,107.06814061776873
sample_124,4999.999985088375,0.9999999898544423,0.07851038887346844,107.08366893673346
sample_125,5000.0,1.0,0.07848719161373002,107.09794643220681
sample_126,4999.999995676745,0.9999999983693391,0.07846635834239256,107.10880248848164
sample_127,4999.999984695705,0.9999999900724236,0.07843890299316977,107.12814024320305
sample_128,4999.999993614199,0.9999999989571026,0.07841322852951488,107.14456584166905
sample_129,4999.999730939131,0.999999689215221,0.07840053021742312,107.14361681774231
sample_130,4999.999959805345,0.9999999957345147,0.07837124330091921,107.16701972274355
sample_131,4999.999965007975,0.9999999951902466,0.07835003985317378,107.17625129220072
sample_132,4999.999995292352,0.9999999984090827,0.07832056589024206,107.19673674770327
sample_133,4999.999923538438,0.9999999490616588,0.0782970997349263,107.21095246600278
sample_134,5000.0,1.0,0.07828428929129985,107.20686208129467
sample_135,4999.999712074493,0.9999999856552055,0.0782609502500963,107.219620758447
sample_136,4999.999595156981,0.9999996846001189,0.07823737412168896,107.23311929461539
sample_137,4999.995272899734,0.9999966271708167,0.07821994106536839,107.23720675349462
sample_138,4999.999975792004,0.9999999963541425,0.0781872903493468,107.26309129274568
sample_139,4999.999254719317,0.9999998540231708,0.07816440069233188,107.27417564806797
sample_140,4999.999826045464,0.9999999750918208,0.078135424309441,107.29686869873507
sample_141,4999.9999971260095,0.9999999976775541,0.07811522221804373,107.3070300558332
sample_142,4999.999268229337,0.9999998651068703,0.07809300748838828,107.3201469622498
sample_143,4999.99990576996,0.9999999750706302,0.07807145012896317,107.33335812660056
sample_144,4999.999997058323,0.9999999974296062,0.07803860126105193,107.36125798735411
sample_145,4999.999681779305,0.9999999850317489,0.07800809131400895,107.38152209599315
sample_146,4999.99983510118,0.9999999729347466,0.07798111758984809,107.40213469833601
sample_147,4999.999994686722,0.9999999986579781,0.07796819531701864,107.40017989736424
sample_148,5000.0,1.0,0.07794159687468953,107.42199671081845
sample_149,4999.991650879644,0.9999974912824201,0.0779160503770921,107.4401047481819
sample_150,4999.999726908096,0.9999996815735974,0.07789719681749262,107.44823529357491
sample_151,4999.99712242047,0.9999995538383035,0.07787885086353977,107.45786301916601
sample_152,4999.999714427628,0.999999973501872,0.07785791989298556,107.46821302515583
sample_153,4999.999997520601,0.9999999998096237,0.07784483726457223,107.46546385400084
sample_154,4999.999376052573,0.9999996845566382,0.07782062752816378,107.48330668228502
sample_155,4999.999979740526,0.9999999867380598,0.07780166266777519,107.49053994942675
sample_156,5000.0,1.0,0.07777654233484932,107.50623449830672
sample_157,4999.999996234769,0.9999999990067493,0.07775671510411786,107.51791098690141
sample_158,4999.999865216533,0.9999999701364729,0.07773652323437671,107.52549696439462
sample_159,4999.999301767578,0.999999849312213,0.0777129648784519,107.54087795615503
sample_160,4999.994286269021,0.9999995183130875,0.07769268500524754,107.55053762470111
sample_161,4999.999986242796,0.9999999990396141,0.07766351656726243,107.57474717407608
sample_162,5000.0,1.0,0.07765094736050138,107.5741843205521
sample_163,4999.996284494077,0.9999992309364788,0.07763126517339829,107.5834468636403
sample_164,4999.999999009545,0.9999999998460892,0.07760848128551051,107.59499217779415
sample_165,4999.999802358471,0.9999999757823047,0.07758421968660374,107.61353995641014
sample_166,4999.999997436938,0.9999999998258173,0.07756323176837229,107.62506287180537
sample_167,4999.999965058645,0.9999999945589609,0.07754590362048996,107.62970691264668
sample_168,5000.0,1.0,0.07753149907423575,107.63209375548551
sample_169,4999.999910914251,0.9999999501221362,0.07751833804650511,107.63189314258652
sample_170,5000.0,1.0,0.07749334023737546,107.65069257284945
sample_171,4999.999874511085,0.9999999818170002,0.07746998804244827,107.66853274321149
sample_172,4999.999863275239,0.9999999821287034,0.07745457183187772,107.67288420621108
sample_173,4999.996509324664,0.9999991198294359,0.07743603970976193,107.68090720696387
sample_174,4999.999678468093,0.9999999739614359,0.07741412777179821,107.69721586346915
sample_175,4999.999314672067,0.9999998470063878,0.0773985666846827,107.70282309600762
sample_176,4999.999435188788,0.9999997852212756,0.07738439111070598,107.70631176702331
sample_177,4999.999991236679,0.9999999990840998,0.07735777207103096,107.72669894217997
sample_178,4999.999251640896,0.9999998353424094,0.07733359498864377,107.74689146081955
sample_179,5000.0,1.0,0.07731107502961194,107.76352201915542
sample_180,4999.9992176275,0.9999998410448948,0.07729392538377261,107.77155326283545
sample_181,4999.999998845458,0.9999999998528367,0.07727629943111276,107.78045503242008
sample_182,4999.999636648644,0.9999996533019023,0.07726062731756193,107.78847217938063
sample_183,4999.999041514063,0.9999998703318278,0.07724251048354012,107.79710563667511
sample_184,4999.999971856374,0.999999987299056,0.07722180667450224,107.81154476728479
sample_185,4999.995269654611,0.9999964063217207,0.0772062662768931,107.82018565231058
sample_186,4999.999658516844,0.9999999766807582,0.07718619532052018,107.83375528475351
sample_187,4999.999577399103,0.9999999903150517,0.07716438993511622,107.84843212461045
sample_188,4999.999884558216,0.9999999559350649,0.07714230142845968,107.86469667412044
sample_189,4999.999999374614,0.999999999475895,0.07712647979326724,107.8713536770699
sample_190,4999.999399858012,0.9999997925911653,0.077107663254474,107.8822185924297
sample_191,4999.999786322953,0.9999999763506473,0.07709081146191599,107.89224139902247
sample_192,4999.993841152885,0.9999965146730616,0.07707761161629714,107.89537271402335
sample_193,4999.995290090587,0.9999964457085729,0.07705412466329808,107.91390426245958
sample_194,5000.0,1.0,0.07703911113234835,107.92094751935919
sample_195,4999.991853343465,0.9999992949048774,0.07701921073726029,107.93402987291417
sample_196,4999.999972753579,0.999999987060111,0.07700375463302392,107.94198200527266
sample_197,4999.999991624602,0.9999999989918991,0.07698304435755543,107.95748893590456
sample_198,4999.999686540577,0.999999971860635,0.07696269340053714,107.97307999455465
sample_199,4999.999781367559,0.9999999755941917,0.07694679714895462,107.98132055661242
sample_200,4999.999960781715,0.9999999953990516,0.07692326433136815,107.99768844349599
sample_201,4999.9999858638375,0.99999999936693,0.07690425290494121,108.00918038209448
sample_202,4999.9999984533815,0.9999999995580346,0.07688507475083327,108.02144818670509
sample_203,4999.998337179728,0.9999998640936546,0.07686093535023662,108.04075125521568
sample_204,5000.0,1.0,0.0768401665345244,108.05634385906617
sample_205,4999.999699977643,0.9999999836193003,0.07682285442971368,108.0646633174338
sample_206,4999.996436381816,0.9999994376433424,0.07680814374160286,108.07194204117124
sample_207,4999.996031924086,0.9999991486046971,0.07678798541161622,108.08496890971965
sample_208,4999.996895140389,0.9999995535432237,0.07677017657609572,108.09558994062625
sample_209,4999.999969379012,0.9999999941088761,0.07674857602860294,108.11030454039006
sample_210,4999.999971816634,0.9999999942218643,0.07673878673615095,108.1099156856509
sample_211,4999.999969100518,0.9999999940683207,0.0767143468386937,108.12850298387437
sample_212,4999.996173640131,0.9999991716797191,0.07669929123215777,108.13601143354867
sample_213,5000.0,1.0,0.07668473052174703,108.14035941572256
sample_214,4999.999699180091,0.9999996272817678,0.07667032840101001,108.14697733224313
sample_215,4999.996315542736,0.99999902759249,0.07664725715226747,108.16573579971373
sample_216,4999.9994707935175,0.9999997599792139,0.07662812872728439,108.17773539115073
sample_217,4999.999969540764,0.9999997497136627,0.0766111572488398,108.1890889627634
sample_218,5000.0,1.0,0.07659017910998711,108.20583833260437
sample_219,4999.999990866625,0.9999999989961572,0.07657829487374768,108.20854334616669
sample_220,4999.999981771155,0.999999988635827,0.0765597744097234,108.22053749473766
sample_221,4999.999996645609,0.9999999970668428,0.0765446394859249,108.22795171841524
sample_222,4999.999687250485,0.9999999837241887,0.07652982156528079,108.23531894147565
sample_223,4999.994769242116,0.9999993275896789,0.07650582228599974,108.2541592606001
sample_224,4999.999315062552,0.9999999052008128,0.07648650509404813,108.26714032068762
sample_225,4999.995302742933,0.9999991573908357,0.07646789551126469,108.27975145750786
sample_226,4999.999979286304,0.9999999832690099,0.0764497290214837,108.29099746560331
sample_227,4999.999987420925,0.9999999817018183,0.07643199946845361,108.3034650007837
sample_228,5000.0,1.0,0.07642216326909354,108.30393701076098
sample_229,4999.9956601223885,0.9999991576837275,0.07640886515531788,108.31024771153267
sample_230,4999.999634600663,0.9999999756838431,0.07638642989644201,108.32889308736794
sample_231,5000.0,1.0,0.07636259805881503,108.34892830292952
sample_232,5000.0,1.0,0.0763479089628185,108.35631928036626
sample_233,4999.999649114244,0.9999999722062541,0.07632905236696623,108.37076423493377
sample_234,4999.999971627602,0.9999999956805014,0.07630728977464486,108.39005571564775
sample_235,4999.995384648326,0.9999991425320313,0.07629083823063906,108.4006828383947
sample_236,4999.999487452412,0.9999998602378251,0.0762710926484596,108.413255024848
sample_237,4999.991487146779,0.9999996140139867,0.07625745648402146,108.4189323431643
sample_238,5000.0,1.0,0.07623837400541265,108.43069859808898
sample_239,4999.999994318913,0.9999999991264772,0.07622042050836594,108.44270602267767
sample_240,4999.999999060105,0.9999999994105381,0.07620290719997154,108.45382523719239
sample_241,4999.999707873849,0.9999999810230277,0.07617809628989734,108.47515631237356
sample_242,4999.999509938224,0.9999998655495539,0.07615673515118894,108.49365733870624
sample_243,4999.999993754693,0.9999999987242515,0.07614424503460646,108.49738013338039
sample_244,4999.999993168717,0.9999999985483409,0.07612512576723433,108.50946018569377
sample_245,4999.999454804172,0.9999998566745493,0.07610429356506533,108.526904321746
sample_246,4999.999963912413,0.9999999931671667,0.07608206746624903,108.54393487152628
sample_247,5000.0,1.0,0.07607059330334172,108.54736800234495
sample_248,4999.996469202813,0.9999992941951038,0.07605228661752858,108.56177164874205
sample_249,4999.99996794565,0.9999999919743198,0.07603306700771693,108.57606585017557
sample_250,4999.9999146978935,0.9999999258674961,0.07601758125257098,108.5865650007871
sample_251,4999.99997182944,0.9999997524549094,0.07600109235827872,108.59742710752114
sample_252,4999.999885339464,0.9999999699480759,0.07599106564056382,108.60032737265378
sample_253,4999.999627692636,0.999999981540349,0.07597462182425838,108.6108895938004
sample_254,4999.999161235305,0.9999998013127905,0.07595304922940106,108.62999362760533
sample_255,5000.0,1.0,0.07593755631527432,108.63902903287762
sample_256,4999.999398891442,0.9999997509215232,0.07591749215187897,108.65557109811128
sample_257,4999.999956523772,0.9999999943309436,0.07589940959645708,108.66847132356597
sample_258,4999.999779146594,0.9999999719785695,0.07588298545478654,108.67881294406892
sample_259,4999.999976130914,0.999999980536965,0.07586739406577304,108.68818169837458
sample_260,4999.998688996907,0.9999997411991222,0.07585364003133471,108.69625042686388
sample_261,4999.99999933697,0.9999999992095068,0.07583490100018711,108.71101615164211
sample_262,4999.999995467941,0.999999998803142,0.07581996903609466,108.71798549257913
sample_263,4999.998038815101,0.9999998849541777,0.07580114269715797,108.73142506200851
sample_264,4999.9986996496755,0.9999997320113021,0.07578988669816357,108.7338671935549
sample_265,4999.994393425277,0.999999297815238,0.07577336412415081,108.74501111882876
sample_266,4999.992181918903,0.9999995606102484,0.07575784675272275,108.75510330255025
sample_267,5000.0,1.0,0.07573930487491275,108.7685097992253
sample_268,4999.996965314722,0.9999991735204975,0.07572565206740085,108.77745340321097
sample_269,4999.99999172786,0.9999999987414745,0.07571155685702416,108.78278912132477
sample_270,4999.9999787791585,0.9999999885332146,0.07569626358176024,108.79249156145055
sample_271,4999.999994543451,0.9999999969954183,0.07567611058163169,108.80664442919122
sample_272,4999.9998513059545,0.9999999560349927,0.07566375463844677,108.81117296342543
sample_273,4999.999957642376,0.9999999873108883,0.07564357661808749,108.82826604955521
sample_274,4999.995973289151,0.9999983063025343,0.07562717367283782,108.84062418089322
sample_275,4999.998713774897,0.9999998623878144,0.07560581139599236,108.85908033115012
sample_276,4999.9999964969065,0.9999999969420222,0.07558878497493464,108.87177448912283
sample_277,5000.0,1.0,0.075576055776993,108.87774355493967
sample_278,4999.999512413275,0.999999988856837,0.075558347918575,108.89250067347518
sample_279,5000.0,1.0,0.07554097482745656,108.90442267625649
sample_280,4999.999328878719,0.9999999011778977,0.07552094888422178,108.92065886591766
sample_281,4999.999298491185,0.9999996068622237,0.07550399294142934,108.93473213340181
sample_282,4999.9999194276015,0.9999999955549649,0.07548778438223018,108.94603398924268
sample_283,5000.0,1.0,0.07547570087119311,108.95059623698566
sample_284,4999.994403721753,0.999992580650171,0.07546326384241099,108.95617480019112
sample_285,4999.999577677618,0.9999999820058318,0.07545206342406197,108.95914060304038
sample_286,5000.0,1.0,0.07543974759930841,108.9638386697634
sample_287,4999.9999911519735,0.9999999987664856,0.07542386384904037,108.97646008056023
sample_288,4999.999954741699,0.9999999939752066,0.07541123926927538,108.98264038666957
sample_289,4999.997708980948,0.9999981769490736,0.07538878685829334,109.0047672364764
sample_290,4999.999998786708,0.9999999997156103,0.07537236034110675,109.01605369376172
sample_291,4999.999907279826,0.999999930409764,0.07535664588601024,109.0273869310922
sample_292,4999.999995370185,0.9999999987894006,0.0753427783137038,109.03506859886241
sample_293,4999.999818246307,0.9999999678118605,0.07533506953847441,109.0343890207482
sample_294,4999.999144227981,0.9999998212019025,0.07531964704964868,109.04494873249018
sample_295,4999.999965852157,0.9999999917530953,0.0753087546945,109.04739306778757
sample_296,4999.994887480786,0.9999991373373377,0.07529222240890952,109.06019391872924
sample_297,4999.999144827579,0.9999998140096273,0.07527510526437113,109.07410329568154
sample_298,5000.0,1.0,0.07526006638656864,109.08336793905461
sample_299,4999.998498373846,0.9999998892670416,0.07524941393434396,109.08488570273315
sample_300,4999.999998004121,0.9999999995125284,0.07523711184558458,109.08922661509963
sample_301,4999.9908867491185,0.9999995434039949,0.0752243342735672,109.09579597305468
sample_302,4999.996533994479,0.9999995281859083,0.07520892986697274,109.1052563550946
sample_303,4999.991587895627,0.999999500348464,0.07518946896131816,109.12178818550774
sample_304,4999.995712407624,0.9999989437724033,0.075175797560779,109.13142813169013
sample_305,4999.999992703634,0.9999999987514449,0.07516084562858646,109.14142522604618
sample_306,4999.999853119307,0.9999999488171006,0.07514664204956185,109.14970018953157
sample_307,4999.9991280714285,0.9999998110764898,0.07513440057214453,109.15691220515477
sample_308,4999.999985740019,0.9999999950216951,0.07512210571642583,109.16067797189183
sample_309,4999.9990950353795,0.9999998487536746,0.07510498141330633,109.1736168226898
sample_310,4999.999999237205,0.9999999994201725,0.07509321874382388,109.1779417102564
sample_311,4999.997910284635,0.9999998872250218,0.07507783813337465,109.18960328911068
sample_312,5000.0,1.0,0.07506014741636918,109.203377264147
sample_313,4999.994309232126,0.999995808297666,0.07504724757644025,109.20997255654552
sample_314,4999.999983332967,0.9999999966917116,0.07503419400089004,109.21653042724219
sample_315,4999.999844912963,0.9999999763057383,0.07502295427679438,109.22169071444985
sample_316,4999.9995170924985,0.9999996544246701,0.0750082916114107,109.23145049569169
sample_317,4999.9999848699,0.9999999992404014,0.07499443304775298,109.23975447930717
sample_318,4999.999032899838,0.9999997826102374,0.07498001087080332,109.24943344113746
sample_319,4999.999839740125,0.9999999187488245,0.07496536157141857,109.25896617395868
sample_320,4999.999808060064,0.9999999649862122,0.07495134784486758,109.26845305599537
sample_321,4999.99786451175,0.9999998708428595,0.07493190450621495,109.28624297224043
sample_322,4999.999983252694,0.9999999989777546,0.07491000830257466,109.30715109189488
sample_323,4999.998769465569,0.9999996233160955,0.07489544309091506,109.32002897719569
sample_324,4999.9984707319145,0.9999998823645827,0.07488457415866881,109.32483560320983
sample_325,4999.994458404433,0.9999991342729434,0.07487243457922801,109.33238909859438
sample_326,4999.999845452912,0.9999999504750791,0.0748569989094485,109.34397431449705
sample_327,4999.999507036586,0.9999996286569078,0.07483850729233024,109.36146201340651
sample_328,4999.997472343523,0.999999196664302,0.07482625726241696,109.36863574416647
sample_329,4999.998056453306,0.9999996384600797,0.07480890123095087,109.38328726090278
sample_330,4999.996567221404,0.9999985865115739,0.07479184947429142,109.39771352470785
sample_331,4999.999851924332,0.9999999473029092,0.07477555064286523,109.40912996457897
sample_332,4999.973551891426,0.9999954942617943,0.07476323051714268,109.41835262342427
sample_333,4999.99861175959,0.9999998524700804,0.07475352793385745,109.4182617009922
sample_334,4999.999974787316,0.9999999933178014,0.07473866507110975,109.42755476013792
sample_335,4999.998902356371,0.9999998186645864,0.07472669261930377,109.43460854569392
sample_336,4999.999359461322,0.999999704244743,0.07471253535116329,109.44428669224197
sample_337,4999.992943903881,0.9999985549334356,0.07469894479483374,109.4530831658988
sample_338,4999.999984653998,0.9999999992103119,0.07468283179082193,109.46439557171081
sample_339,4999.999965719358,0.9999999845683303,0.07466579378506322,109.47862308721278
sample_340,4999.999999227063,0.9999999993833707,0.07464995265946973,109.49145658386941
sample_341,4999.999914992436,0.9999999959907395,0.0746322031085339,109.50522731366792
sample_342,4999.998947292795,0.9999996934997402,0.07462378026288843,109.50625890783729
sample_343,4999.999998707654,0.9999999995991508,0.07460825926771489,109.51780354161416
sample_344,4999.999721666972,0.9999999401964471,0.07459279023797398,109.52972664334577
sample_345,4999.9998993706995,0.999999914441234,0.07457828382378212,109.54004331708876
sample_346,4999.999992466613,0.9999999982723016,0.0745693115010133,109.5410386051841
sample_347,4999.999465371923,0.99999965688617,0.0745573902715865,109.5463482509461
sample_348,4999.997849213193,0.9999998478087095,0.07454283125162606,109.55742688925979
sample_349,4999.998716782972,0.99999984006979,0.07453090953000509,109.56456211902442
sample_350,4999.9999635214035,0.9999999924358554,0.07451233905093585,109.58096881302238
sample_351,4999.9999157550765,0.9999999597417265,0.07449344286992506,109.59801876883091
sample_352,5000.0,1.0,0.07448353265490383,109.59970737757506
sample_353,4999.999861311049,0.9999999106310726,0.0744751611847942,109.59980918980703
sample_354,4999.99311727404,0.9999992148156637,0.07446226253846785,109.60720168755292
sample_355,5000.0,1.0,0.07444762123717821,109.61770675329215
sample_356,4999.999516440626,0.999999837729616,0.07443599956835317,109.62280665985084
sample_357,4999.999827464925,0.9999999736609051,0.07442337405339794,109.63134346366506
sample_358,5000.0,1.0,0.07440975665695704,109.64041910254184
sample_359,4999.999621915542,0.999999979136717,0.07440005711882128,109.6434482162055
sample_360,4999.994798258133,0.9999989723106304,0.07438481350856528,109.655796600752
sample_361,4999.998154882273,0.9999974043666142,0.07437240342250613,109.66420687618526
sample_362,4999.999985840193,0.9999999824039719,0.07435691501986351,109.67595071426703
sample_363,4999.999844450492,0.9999999819914998,0.07434176998519851,109.68736524823225
sample_364,4999.994959374104,0.9999991210203149,0.07432592149827366,109.70101671657467
sample_365,4999.999988569949,0.9999999987564446,0.07430955766540592,109.71382479314204
sample_366,4999.975204888975,0.999995821490447,0.07429984012423185,109.71841301722405
sample_367,5000.0,1.0,0.07427941077003822,109.73548048497135
sample_368,4999.990368687669,0.999999474880156,0.07426045411325473,109.75477397390137
sample_369,5000.0,1.0,0.07424635593644965,109.76327431483314
sample_370,4999.999490521866,0.9999995954295873,0.07423456578356043,109.76876150962778
sample_371,4999.999996009608,0.9999999965182867,0.07422222301591089,109.77687882864541
sample_372,4999.994864577611,0.9999991794092967,0.07421026276783495,109.78337150514909
sample_373,4999.99847524871,0.9999998860264687,0.07419337439495574,109.79733726968138
sample_374,4999.998172998735,0.9999998819372953,0.07417706394073824,109.8094962271099
sample_375,5000.0,1.0,0.07416834011161509,109.81149084524422
sample_376,5000.0,1.0,0.07415127815676938,109.82377077632988
sample_377,4999.99999710287,0.9999999998189273,0.0741342810889226,109.83811085455946
sample_378,4999.999776844471,0.9999999586338921,0.0741186456105138,109.85091168725751
sample_379,4999.999959257528,0.9999999911668396,0.07411093186379555,109.84964272881834
sample_380,4999.999006205149,0.9999997729279644,0.07409690012656717,109.86038294358677
sample_381,4999.999534976801,0.9999999770596565,0.07407620321586904,109.87933036211672
sample_382,4999.99972862196,0.999999967236449,0.0740622100781583,109.8877624980194
sample_383,4999.995476650687,0.9999987436236124,0.07404698651087101,109.89946541022982
sample_384,4999.998706038521,0.9999993781280413,0.0740303895170218,109.91393298272541
sample_385,4999.999263805327,0.9999997444908466,0.07401617921434908,109.92439944192077
sample_386,4999.999763421124,0.9999999626691011,0.07400058687410256,109.93811548964968
sample_387,4999.998614871963,0.9999996508018948,0.07398390384901296,109.9515197903731
sample_388,4999.999780602414,0.9999999579867187,0.07397180280417,109.95951934183772
sample_389,4999.965185473133,0.9999992800821906,0.07396396176047067,109.96186392046657
sample_390,4999.997221202655,0.9999999324786176,0.07394431462471385,109.97905207625362
sample_391,4999.980382116673,0.9999933931731958,0.07393552340378359,109.98231348076925
sample_392,4999.990628603152,0.9999989947860493,0.07392551712557205,109.98489648801878
sample_393,4999.987200530416,0.9999994666171268,0.07391401934754536,109.99141040475835
sample_394,4999.999809165081,0.9999999429421613,0.07389306038966201,110.01182945680992
sample_395,4999.999827477589,0.9999999460830924,0.0738845305183346,110.01470929426824
sample_396,4999.976225296797,0.9999928694073376,0.0738706814793291,110.0251008597469
sample_397,4999.9999863699395,0.9999999985051509,0.07385558567744888,110.03479211530725
sample_398,5000.0,1.0,0.07384470004279033,110.03935240366225
sample_399,4999.99454889051,0.999998909623861,0.07383368454089287,110.04566886977085
sample_400,4999.988985670506,0.9999990898905923,0.07381890151400278,110.0557675977732
sample_401,4999.987280725797,0.9999992506289123,0.0738083258895767,110.06202811419523
sample_402,4999.999983561334,0.9999999982447461,0.07379191199495581,110.07453729375838
sample_403,4999.996037160438,0.9999994306397576,0.07377870093557747,110.08331243603892
sample_404,4999.951882990675,0.9999959279051721,0.07376893352552882,110.09145550064792
sample_405,4999.990454952421,0.9999967156331095,0.07375122112405257,110.10376944364025
sample_406,4999.994665352971,0.9999991543043246,0.07372913280193996,110.12468124920049
sample_407,4999.99933968845,0.9999995029087831,0.07371969806714117,110.12708227765579
sample_408,4999.9995041401235,0.9999997977628857,0.07370434535547077,110.14063800032945
sample_409,4999.99838323349,0.9999998562497528,0.07369334746142828,110.1461755549712
sample_410,4999.999743274898,0.9999998637486048,0.07368116492208242,110.15271169156446
sample_411,4999.947031939453,0.999996729710907,0.07367126554220332,110.16259493263394
sample_412,4999.987559152228,0.9999993236572727,0.07365701722164472,110.17278993522359
sample_413,4999.999997808161,0.9999999994644918,0.07364425384946921,110.18200737899264
sample_414,4999.999259361398,0.999999680564133,0.07362618731317405,110.19960647259053
sample_415,4999.995702158669,0.9999985835148332,0.07361414224869664,110.20705772863226
sample_416,4999.996368699028,0.9999990061271743,0.07359633789518437,110.22183070406943
sample_417,4999.999843936751,0.9999999397561362,0.07357763568997021,110.23823568000796
sample_418,4999.999968275578,0.9999999878102508,0.0735639742451053,110.24754245503526
sample_419,4999.9922127168,0.9999988357519725,0.07354963496231805,110.25820296235462
sample_420,4999.999998992746,0.9999999994122538,0.0735360077108446,110.26752769779688
sample_421,4999.996941522014,0.9999999068543787,0.07352199700188458,110.28007922816104
sample_422,4999.99999316827,0.999999997667986,0.0735149837365526,110.276851389244
sample_423,4999.999998211494,0.9999999996377851,0.07350281214092472,110.2845346113142
sample_424,4999.999980616495,0.9999999990971182,0.07349166454440934,110.29125968298666
sample_425,4999.999999696819,0.9999999998491312,0.07347988451384994,110.2980436254206
sample_426,4999.999972157286,0.9999999925934967,0.07346819413032848,110.30516858445971
sample_427,4999.999663882227,0.999999968031047,0.07345574582528096,110.31307418310955
sample_428,4999.999540804618,0.9999999631574528,0.07344538630711546,110.31788389078577
sample_429,4999.999955141786,0.9999999874746882,0.07342866317229052,110.33338757687089
sample_430,4999.997941658299,0.9999998836701954,0.07341655052757536,110.34126787496582
sample_431,4999.999166448018,0.9999995082840832,0.07340438744652597,110.34964208564924
sample_432,4999.999980987151,0.9999999990985811,0.07339300729938049,110.35563254890477
sample_433,4999.998884245886,0.9999994378921531,0.07337802611694837,110.3673917141287
sample_434,4999.998865480757,0.9999997687107707,0.07336305681529054,110.38101929405987
sample_435,4999.999958115426,0.9999999913806684,0.07335190249823748,110.38826454562998
sample_436,4999.999168901617,0.9999995098084667,0.0733373847118148,110.39927996477152
sample_437,4999.953715020094,0.9999953283634345,0.07332946878211505,110.4025940667444
sample_438,4999.99054880406,0.999999330785263,0.0733172780287108,110.40824261576397
sample_439,4999.98586224062,0.9999910431452464,0.07330232215587605,110.42213083798494
sample_440,4999.9955377991,0.9999983089860903,0.07328907762787325,110.42929210952465
sample_441,4999.999369877984,0.9999998136067431,0.07326988277742351,110.44749239427476
sample_442,4999.998881025044,0.999999759580206,0.07325823225647474,110.45483308956975
sample_443,4999.991350721521,0.9999992748316161,0.07324071252088299,110.47031894509766
sample_444,4999.999365340453,0.9999993875545921,0.0732321889560694,110.4725339309121
sample_445,4999.985317977769,0.9999898662016314,0.07322419918307081,110.47562173540881
sample_446,4999.99942541345,0.9999995331943219,0.07321254983053163,110.48191264514017
sample_447,4999.99947114078,0.9999995448048882,0.07320067436669843,110.48956628472695
sample_448,4999.991837644259,0.9999991954206663,0.07318473864642941,110.50197115723509
sample_449,4999.999980810752,0.9999999984234473,0.07316840994669727,110.51621358202114
sample_450,4999.999248352864,0.9999998072633697,0.07315944847555785,110.51957131284989
sample_451,5000.0,1.0,0.07314312671524874,110.53534590314578
sample_452,4999.9991691604,0.9999996613885419,0.0731329902523688,110.54042802465803
sample_453,5000.0,1.0,0.07312510889584246,110.54029586375786
sample_454,4999.996479587494,0.9999990501616983,0.07310959512017358,110.55424030832565
sample_455,4999.994408725276,0.999998750171561,0.07309456085531967,110.56837097961846
sample_456,4999.9984040819845,0.9999998294766215,0.07307988631322686,110.58007376327787
sample_457,4999.999103177814,0.9999994860568818,0.0730692046488957,110.5846437317737
sample_458,4999.999683926406,0.9999999659505261,0.07305383789202674,110.59743181858826
sample_459,4999.995693611041,0.9999989525192483,0.0730418123067637,110.60647799401251
sample_460,4999.999963103061,0.9999999873170332,0.07302806653855017,110.61648481994835
sample_461,4999.999976982586,0.9999999956363004,0.07301514289106449,110.62645199406705
sample_462,4999.9999899860195,0.9999999981652514,0.07300186741665786,110.636832983783
sample_463,4999.9998947973345,0.999999996740893,0.07298763735036214,110.64653274663391
sample_464,4999.9999111452835,0.999999582317372,0.07297589176821992,110.65449867893709
sample_465,4999.999900453926,0.9999999920561958,0.07296059404871315,110.66779268977001
sample_466,5000.0,1.0,0.07294517578961343,110.68136856850454
sample_467,4999.995168734705,0.9999988543129975,0.07293502589619667,110.68568087123937
sample_468,4999.98256002515,0.9999969854593204,0.07292492455017044,110.6898172519556
sample_469,4999.999338823604,0.9999995995110432,0.07290966966841747,110.70226297717745
sample_470,4999.999949513278,0.9999999905919649,0.07289784306051818,110.70927097761462
sample_471,4999.999782787344,0.9999999659979186,0.07288556827447125,110.71751094293376
sample_472,4999.996036764917,0.9999989644678089,0.07287707924041713,110.71918618835912
sample_473,5000.0,1.0,0.07286685553640292,110.72244704267075
sample_474,4999.999966027537,0.9999999872224412,0.07285079425143981,110.73746341484946
sample_475,4999.999882825907,0.9999998962346031,0.07284164172829799,110.7404871632015
sample_476,4999.999805718897,0.9999999380311383,0.07282964332202721,110.74927639718781
sample_477,4999.998164365676,0.9999997676485025,0.07281672732512767,110.75931472172111
sample_478,5000.0,1.0,0.07280018183472192,110.77280701657624
sample_479,4999.990144139032,0.9999973322264797,0.07278952372255273,110.77950360463716
sample_480,4999.99376407452,0.9999987627819528,0.07277849262306497,110.78510555947312
sample_481,4999.988924722081,0.9999988922806774,0.07277152176526609,110.78491313991717
sample_482,4999.990141496759,0.9999992689808243,0.07275969420407435,110.79362679890914
sample_483,4999.996515211109,0.9999990464612148,0.0727485166175317,110.79939731185728
sample_484,4999.98320313101,0.9999956240653741,0.07273920282977553,110.80426992641716
sample_485,4999.998782241684,0.999999741881627,0.07273182624866535,110.80205628886277
sample_486,4999.989948633249,0.999999163564454,0.07272119584091197,110.8093972913764
sample_487,4999.99965614588,0.9999999658289924,0.07270716496544058,110.81771604361958
sample_488,4999.999066425321,0.999999662611672,0.07269593091950469,110.82594776863273
sample_489,4999.995557536511,0.9999999833728654,0.07268266125801638,110.83686684436658
sample_490,4999.998841173912,0.9999998120865632,0.07266781725633256,110.84842631302041
sample_491,4999.974477255791,0.9999987574489136,0.07265391494997162,110.86137977198901
sample_492,4999.99293240316,0.9999987873293514,0.07264179585542897,110.86803244253856
sample_493,4999.999538413799,0.9999993122946594,0.07262353693706446,110.8857776804149
sample_494,5000.0,1.0,0.07261377682561447,110.89109427181103
sample_495,4999.993617979124,0.9999987118797926,0.07260187164502556,110.89926615498536
sample_496,4999.999992221547,0.9999999972708112,0.07259138364150827,110.90380292003276
sample_497,4999.999558721449,0.9999995079584615,0.07257858977825563,110.91438320639783
sample_498,4999.986245288073,0.9999991069711852,0.07256492846200287,110.92410093277933
sample_499,4999.999974302816,0.9999999765948884,0.07255234198719926,110.9319651763871
sample_500,4999.955122069108,0.9999995253743656,0.07253920649409937,110.94478321583641
sample_501,5000.0,1.0,0.07251855158546038,110.96325909762436
sample_502,4999.999819856869,0.9999998880835544,0.07250334113728643,110.97718408450834
sample_503,4999.999952147527,0.9999999907230064,0.07249149719703317,110.98489162408568
sample_504,4999.9993488390455,0.9999995426425329,0.072480855775677,110.99079709589508
sample_505,4999.999993530285,0.9999999982724479,0.07247367151234611,110.9922674825864
sample_506,4999.991592476316,0.999999022365622,0.0724628185182206,110.99820379663916
sample_507,4999.993728910556,0.9999989191836246,0.07245107314408968,111.0053073864213
sample_508,4999.9900146610225,0.9999991264119684,0.07243583804495816,111.01987898769333
sample_509,4999.999990537401,0.9999999980456282,0.07241674016167655,111.03725015967404
sample_510,4999.999985406396,0.9999999984630892,0.0724047454688394,111.04443473390238
sample_511,4999.999657093023,0.9999999605549186,0.07238834513940949,111.06096380611808
sample_512,4999.999997099865,0.9999999996876673,0.07236950819279984,111.08004430367593
sample_513,4999.994351620893,0.9999984794457198,0.07235825769177098,111.08873404621374
sample_514,4999.99999040312,0.9999999980373097,0.07234669548241053,111.09504835749894
sample_515,4999.9998358810835,0.9999999560703212,0.07233297564983909,111.10402604644459
sample_516,4999.999769982054,0.9999999397949819,0.07231915246343464,111.1147451430522
sample_517,4999.997446575368,0.9999998129065312,0.07230898808445571,111.11911408077128
sample_518,5000.0,1.0,0.07229884422458262,111.12585276891666
sample_519,4999.990662704442,0.9999991051710947,0.07228671562761235,111.13583013519482
sample_520,4999.996607215601,0.9999966942402171,0.0722798573923013,111.13614561083318
sample_521,4999.992519142843,0.9999987551788235,0.07226566575902119,111.1476025354303
sample_522,4999.986562734392,0.9999995277233553,0.07225387819102379,111.15531974671345
sample_523,4999.999760792323,0.9999998961459214,0.07224279278373914,111.16060758212075
sample_524,4999.946411369412,0.9999958766213014,0.07223006154391377,111.17371305161106
sample_525,4999.996744654581,0.9999968515792725,0.07221572559151505,111.18155674176788
sample_526,4999.9979284060455,0.9999970571637083,0.07220503652955818,111.18732012976484
sample_527,4999.998640763134,0.9999997337642983,0.07219123314579792,111.19747628394273
sample_528,4999.991743409645,0.9999988288032926,0.0721768574163296,111.20951980685834
sample_529,4999.987056684587,0.9999992472032107,0.07216483697816846,111.21755223479876
sample_530,4999.999303387102,0.9999994282568252,0.0721524785503745,111.22478597406385
sample_531,4999.986741588237,0.9999992318881514,0.07214004505622434,111.2340435421426
sample_532,4999.998648150393,0.9999997280979542,0.07212689764513873,111.24473658093626
sample_533,5000.0,1.0,0.07211068857986774,111.26012680166609
sample_534,4999.999981885854,0.9999999972729205,0.07209246975755167,111.27753497970694
sample_535,4999.979540658929,0.99999038768922,0.07207957252458362,111.28908381654368
sample_536,4999.999831146386,0.999999916948045,0.07206635286120235,111.29687382819472
sample_537,4999.999781143802,0.9999999215684656,0.07205822531924944,111.29970016101369
sample_538,4999.940590566776,0.9999969872310566,0.0720453333662829,111.31226885621076
sample_539,4999.994531823099,0.9999982890017106,0.07203132744297194,111.3205462497672
sample_540,4999.998326708306,0.9999869617296924,0.07201713232113717,111.3317010193304
sample_541,4999.999983416145,0.9999999973727962,0.07200740714101601,111.33423798588923
sample_542,4999.962852734923,0.9999930779846894,0.07200006950166524,111.33767280596244
sample_543,4999.987999646774,0.9999992260870721,0.07198709916753518,111.34286318358087
sample_544,4999.965520613791,0.9999931135513125,0.07197728151832848,111.34927700541824
sample_545,4999.999056064951,0.9999997758608239,0.07196406938075592,111.35580400003741
sample_546,5000.0,1.0,0.07195105528819709,111.36511550826917
sample_547,4999.998703472679,0.999999697567365,0.07193958586157236,111.37215285705499
sample_548,4999.939535050875,0.9999695275304494,0.0719337309515557,111.37504774051757
sample_549,4999.992392909025,0.9999869622719681,0.07191541591297804,111.38904724585905
sample_550,4999.968867169934,0.9999951782511501,0.07189837798711429,111.40572758078703
sample_551,5000.0,1.0,0.07188857584893424,111.40748375558869
sample_552,4999.964563855264,0.9999934228198201,0.07187768246772049,111.41680881458785
sample_553,4999.996798413951,0.9999998850287185,0.07186216209617294,111.4274505449596
sample_554,4999.995741431734,0.9999996414134622,0.07184959707460443,111.43655420750753
sample_555,4999.994531785131,0.999998185781907,0.07183720074446077,111.44562945209613
sample_556,4999.999401953354,0.9999999632645841,0.07182363972898688,111.45696170002795
sample_557,4999.999979102354,0.9999999809215159,0.07180817663569661,111.4686245769026
sample_558,4999.999958832429,0.999999984812114,0.07179397874065208,111.4790867911856
sample_559,4999.998958846777,0.9999996128879238,0.07178080778330385,111.48973430567186
sample_560,4999.99956078242,0.999999332376636,0.07177071712434088,111.49503505099605
sample_561,4999.9972319109465,0.9999997577774782,0.07175840109970247,111.50459225122631
sample_562,4999.998101485155,0.9999986675151737,0.07174192955631009,111.51885970568031
sample_563,4999.9997684626305,0.999999945030111,0.07173080558943314,111.52558188329837
sample_564,4999.999971769111,0.9999999770347026,0.07171280854944138,111.5446831151414
sample_565,4999.983889274194,0.999999135063359,0.0717014322501814,111.55183925055354
sample_566,4999.997863716453,0.9999987775425212,0.0716844006153708,111.56681952999836
sample_567,4999.999988102597,0.9999999976830766,0.07167158554037759,111.57800473253577
sample_568,5000.0,1.0,0.07165948647513078,111.58744784232402
sample_569,4999.998071964747,0.9999999287130652,0.07164526105800283,111.59952863791109
sample_570,4999.99994364502,0.9999999901058365,0.07162811294216347,111.61446918183837
sample_571,4999.990568284096,0.9999988952560032,0.07161955700321632,111.61665234155403
sample_572,5000.0,1.0,0.0716098298508778,111.6202078016058
sample_573,4999.966763024974,0.9999922841110809,0.07159579024761956,111.63520741596231
sample_574,4999.999068387911,0.9999995636595691,0.0715764969333057,111.65252419331726
sample_575,4999.997191223729,0.9999997238167834,0.07156972421210689,111.65102459794652
sample_576,4999.997383175592,0.9999981167166883,0.07155869855628547,111.65616035701154
sample_577,4629.073156115058,0.9999998905183128,0.09082769657938859,107.4026507396548
sample_578,4999.999853034995,0.9999998752836357,0.07153265948547607,111.67458290766467
sample_579,4999.9975711679135,0.9999998407770007,0.07152234931952026,111.68059801480521
sample_580,4999.916904010963,0.9999838868349203,0.07151630389569492,111.6863306467197
sample_581,4999.999870487091,0.9999999930996121,0.07150045213964502,111.69387448551856
sample_582,4999.999512643677,0.9999992435847357,0.0714850327736693,111.70594501544021
sample_583,4999.986352191317,0.9999891957928443,0.0714741414562078,111.71573853662117
sample_584,4999.995513633079,0.9999965747007963,0.07146218622225807,111.72160243419174
sample_585,4999.999992417568,0.9999999979854102,0.0714481750187563,111.73014354844513
sample_586,4999.999812669917,0.999999914687989,0.07143431886894143,111.74204421807988
sample_587,4999.999591473731,0.9999999572841675,0.07142189853036927,111.75193651626304
sample_588,4999.993538570654,0.9999984997374446,0.07140621442155955,111.76649761293694
sample_589,4999.994010852074,0.9999980797550455,0.0713941220761109,111.7738081591449
sample_590,4999.999256711557,0.9999993986671354,0.07137822587018669,111.78831657640372
sample_591,4999.996706841819,0.9999997929732952,0.07136497027558344,111.79802722892343
sample_592,4999.98584881574,0.999998675386886,0.07135246351468341,111.8070538455333
sample_593,4999.999198291035,0.9999994935352974,0.07133997693613758,111.81504040259367
sample_594,4999.981235094132,0.9999867043333114,0.07133676396319791,111.81126289602102
sample_595,4999.996747896825,0.9999997706679478,0.07132099545361735,111.82305803580476
sample_596,4999.996034036296,0.9999988092592617,0.07130477722932085,111.83880658654154
sample_597,4999.963903403079,0.9999923746429183,0.07129317116993981,111.84939665892225
sample_598,4999.987751799031,0.9999871619293086,0.07127474298056051,111.86619070658014
sample_599,4846.291101512366,1.0,0.07877221784088002,109.88773939171146
sample_600,4999.987553620702,0.9999875560118859,0.07125339218753661,111.87712816378942
sample_601,4999.99027114813,0.9999984449898213,0.07124233615649997,111.8830320482956
sample_602,4999.994919002408,0.9999964949762131,0.07122681135467974,111.89679173147422
sample_603,4999.998203155218,0.9999997282604505,0.07121346333121405,111.90760692087879
sample_604,4999.987670566822,0.999993258643259,0.0712000450146813,111.91970693739866
sample_605,5000.0,1.0,0.07118502893184175,111.93196303360402
sample_606,4999.926799988489,0.9999950169743091,0.07117548975374943,111.94011776167095
sample_607,4999.985916966066,0.9999990982986544,0.07115309165784445,111.96250314215085
sample_608,4999.999687880827,0.9999999488604255,0.0711382646997628,111.97294021528714
sample_609,4999.99336220254,0.9999981453879898,0.07112207553944065,111.98957733920388
sample_610,4999.999137187712,0.9999993043714742,0.07110869782439927,111.9982289044102
sample_611,4999.992717400444,0.9999971804975969,0.07109640692014722,112.00773510399827
sample_612,4999.99933961224,0.9999999694843987,0.07108105144914151,112.01907469504398
sample_613,4999.997739646759,0.9999996631706438,0.0710684452519253,112.02919791338752
sample_614,4999.984314251401,0.9999992146951013,0.07105416095814177,112.04277851921478
sample_615,4999.939310663573,0.9999936778626232,0.07104483338346958,112.05037037066593
sample_616,4999.954777465451,0.9999923852354031,0.07103765236768582,112.05041252528774
sample_617,4999.991797087419,0.9999975496838602,0.07102341177838539,112.05748772765766
sample_618,4999.999302819002,0.9999984961730549,0.07101387411376327,112.05912511258909
sample_619,4999.999972920266,0.9999999987593376,0.07099570746283715,112.07699064813994
sample_620,4999.999723858891,0.9999999372706807,0.07098092839728454,112.09049030193991
sample_621,4999.997992500764,0.99999945710202,0.07096711155454288,112.1030573203973
sample_622,5000.0,1.0,0.07094726667067522,112.12423769213218
sample_623,4999.99931286931,0.9999999491171606,0.07093245206061688,112.13610829116487
sample_624,4999.999838892382,0.9999998748564178,0.07092139825760384,112.143073160158
sample_625,4999.9999667669435,0.9999999716953452,0.07090367362937917,112.15962169037572
sample_626,4999.999946388794,0.9999999917554183,0.07089111836525998,112.16745793050681
sample_627,4999.999947127875,0.9999999835179987,0.07087635782159736,112.17929544930765
sample_628,4999.999731902405,0.9999999054119848,0.07086300998024816,112.1899915698675
sample_629,4999.987635889318,0.9999984365696549,0.07084516185213247,112.2078230209476
sample_630,4999.998164583618,0.9999996941885694,0.07082556293916079,112.22750614592348
sample_631,4999.990781866135,0.999998402935761,0.07081521139097462,112.23287645838487
sample_632,4999.9981386394475,0.9999838975467378,0.07080886698088676,112.23230160906388
sample_633,4999.960590228321,0.999991658978832,0.0707939852066112,112.24876769228439
sample_634,4999.99991440816,0.9999999895690478,0.07077783142985113,112.25895852702281
sample_635,4999.998138695207,0.9999821543431162,0.07076541292359333,112.26821354141893
sample_636,4999.991870141437,0.9999985957809433,0.07075101546615777,112.27967964518163
sample_637,4999.996383882219,0.9999997531475692,0.07073849501361025,112.28724250392571
sample_638,4999.999358464741,0.9999999329662651,0.07072327140772741,112.29993284709067
sample_639,4999.994789531333,0.9999961712268497,0.07071251206898037,112.30618397520595
sample_640,4999.993279569947,0.9999982919710465,0.07070003088789754,112.31576876308738
sample_641,4999.999924547109,0.9999999362581891,0.07068199408550564,112.3340316564318
sample_642,4999.923444723673,0.9999950583248154,0.07067523148927048,112.33792714643522
sample_643,4999.956599081414,0.9999975262385602,0.07065547377103938,112.3572714624655
sample_644,4999.985052361915,0.9999990876736852,0.0706431649922298,112.36228914187495
sample_645,4999.997401482277,0.9999997865545297,0.07063103867444266,112.3699875850801
sample_646,4999.949960541982,0.9999927013623194,0.07062357563437287,112.37324884300538
sample_647,4999.997418718378,0.9999837339562095,0.07060144694054442,112.396153360878
sample_648,5000.0,1.0,0.07058288563774855,112.41422455619937
sample_649,4999.999829557809,0.9999998515247035,0.07057023306809376,112.42362920102855
sample_650,4999.999673748557,0.9999999034816239,0.07056062720234878,112.42856737598922
sample_651,4999.99995275989,0.9999999652660432,0.07054590312689822,112.44172629885632
sample_652,4999.9998825606,0.999999992246613,0.07053168964805662,112.45338569140625
sample_653,4999.997778092025,0.9999984243896987,0.07051766337044481,112.46513692068386
sample_654,4999.997610744644,0.9999984540307,0.07049913982170952,112.48405886018556
sample_655,4999.996184520957,0.9999997465994146,0.07048343271389704,112.49968506896623
sample_656,4999.996185898925,0.9999998054888494,0.07046941545410097,112.51057926891743
sample_657,4999.897213161772,0.9999633767616078,0.07046589298352433,112.51339510545374
sample_658,4999.995635723356,0.9999967618516038,0.07044292493979802,112.5312363714018
sample_659,4999.997183374078,0.9999951621618285,0.07043332367553176,112.53626190814056
sample_660,4999.980918348313,0.9999989147096431,0.07041771580725895,112.55131445537916
sample_661,4999.998170325567,0.999999639182033,0.07040312908119274,112.56169267503981
sample_662,4999.999979927034,0.9999999979038804,0.07039428825150246,112.56393025479402
sample_663,4999.999086194159,0.999999948294877,0.07037692913530888,112.5805254749916
sample_664,4999.980580112876,0.9999870141141606,0.07036995544873895,112.57985958809353
sample_665,5000.0,1.0,0.07035513141451549,112.58975117793352
sample_666,5000.0,1.0,0.0703409868517273,112.59976424567523
sample_667,4999.999219361256,0.9999999634191853,0.07033113480454355,112.6018828803651
sample_668,4999.9977065947905,0.999979584081994,0.0703152201794645,112.61916212279617
sample_669,4999.999569928569,0.9999999375386269,0.07030104791631563,112.62979125378602
sample_670,4999.999972159418,0.9999999971252012,0.07028684720034066,112.64161924065684
sample_671,4999.999343518118,0.9999990610341193,0.07027411713660547,112.64786147236403
sample_672,4999.9834627991495,0.9999989149898164,0.07025818032847393,112.6611993417709
sample_673,4999.997865802644,0.999984092503525,0.07024693873988637,112.6685664686882
sample_674,4999.939061322685,0.9999934372606317,0.07023162894267816,112.68458545500566
sample_675,5000.0,1.0,0.07021459384411147,112.69642221248522
sample_676,4999.980169068856,0.9999991887866542,0.07020311480706298,112.70428671122477
sample_677,4999.980852354246,0.9999939349846323,0.07018898726297847,112.71527620836427
sample_678,4999.999990136903,0.99999999743517,0.07017435180027966,112.72366919807651
sample_679,4999.9915889603435,0.9999981369562158,0.07016196557454808,112.73274260671033
sample_680,4999.99157474751,0.9999978752101251,0.07014537095218261,112.74713910391264
sample_681,4999.999685357518,0.9999999113420383,0.07012818233976877,112.76079088323506
sample_682,4999.999979949721,0.9999999977577497,0.07011340538735013,112.77294253775226
sample_683,4999.99840270145,0.9999995574842122,0.07009401444785347,112.79303525765998
sample_684,4999.982935471012,0.9999988638096206,0.07008192532023981,112.80040934448101
sample_685,4999.996254243369,0.9999981817235115,0.07005998953757676,112.82318027893601
sample_686,4999.975818649918,0.9999886520964354,0.07004807870248039,112.83287307433308
sample_687,4999.997961412167,0.999998221347472,0.0700329324543643,112.84309942928448
sample_688,4999.999936921991,0.9999999901958813,0.07001661170781227,112.85847517028905
sample_689,4999.999972624644,0.9999999965598699,0.06999976562473906,112.8741559670341
sample_690,4999.99638108947,0.9999996516245088,0.06998496212509084,112.88667140096261
sample_691,4999.9977646772,0.9999996166862417,0.06997017779427048,112.89846736365611
sample_692,4999.999689538885,0.999999904257378,0.06995939223464921,112.90381662913624
sample_693,4999.999934658122,0.999999968421549,0.06994742318971521,112.91003670572175
sample_694,5000.0,1.0,0.0699339644907445,112.92024371232168
sample_695,4999.993561570877,0.9999889574782095,0.06991701948413503,112.93801146705592
sample_696,4999.999229620969,0.9999999614035544,0.06989963764710005,112.95326437781375
sample_697,4999.998212429702,0.9999809738106554,0.06988702893787117,112.96543237662834
sample_698,4999.999959294733,0.9999999651385469,0.06987070490110862,112.97793138124675
sample_699,4999.995971958177,0.9999998022945762,0.06985690991244774,112.98762920425543
sample_700,4999.999803916445,0.9999998477347718,0.06984184841192231,113.00078408115824
sample_701,4999.994043184492,0.9999954614839203,0.06982897228801899,113.00814889738892
sample_702,4999.999857232914,0.9999999916362735,0.06980364651278614,113.03627287311065
sample_703,4999.999411373608,0.9999998801283909,0.06978603627765415,113.05409994698762
sample_704,4999.991660026279,0.9999979200003709,0.06977521196553788,113.0610775700109
sample_705,4999.956375634046,0.999993172024784,0.06976795290143772,113.06251981421121
sample_706,4999.997239723515,0.9999981490236098,0.06975273049203125,113.07179286746504
sample_707,4999.996966369019,0.9999994145505634,0.0697435253977925,113.07492603918108
sample_708,4999.995157202679,0.9999987898267692,0.06973431102279028,113.076265803365
sample_709,5000.0,1.0,0.06971751657160555,113.09351888890369
sample_710,4999.994682837637,0.9999981096156538,0.06970560993903215,113.10039933371203
sample_711,4999.999919948063,0.9999999912559704,0.06969098287225196,113.11172695451549
sample_712,4999.913749076394,0.9999942310024296,0.06967721951296563,113.12835931824615
sample_713,4999.999983199841,0.9999999967308553,0.06965107847936201,113.1549194367447
sample_714,4999.997435688664,0.9999981970777299,0.06964484337527822,113.1517878517021
sample_715,4999.9993212408635,0.9999989061180226,0.06963138319310344,113.16059840126417
sample_716,4999.917001929615,0.9999931872857145,0.06962455679918485,113.16517306350237
sample_717,4999.999621283556,0.9999999073619179,0.06960560623013563,113.17716855549108
sample_718,4999.999987683403,0.9999999954352886,0.06959263950001429,113.18471504848236
sample_719,4999.999986561735,0.9999999958737256,0.06957525756545703,113.20237725743299
sample_720,4999.99969133859,0.9999998831278238,0.06955635740271268,113.22387626531255
sample_721,4999.983990006335,0.9999983194471953,0.06954278490803265,113.23474382935864
sample_722,4999.997838166692,0.9999980113944172,0.06952682811600279,113.24626994881993
sample_723,4999.965615570652,0.9999891286088007,0.0695125821826781,113.2573025230138
sample_724,4999.999412130649,0.999999937910576,0.06949191808165604,113.27519225177691
sample_725,4999.9999840736655,0.9999999967446166,0.06947569129628585,113.28943310421359
sample_726,4999.998499152345,0.9999994029347077,0.06945945842984484,113.30356403192127
sample_727,4999.997908902123,0.9999996377344054,0.0694510455148619,113.30311602549972
sample_728,4999.99711166835,0.9999782491161339,0.06943054466708756,113.32321192626449
sample_729,4999.914878576499,0.9999890727601476,0.06942060471281529,113.33109814649099
sample_730,4999.993053559836,0.99999809873405,0.06939676722601665,113.3541918107276
sample_731,4999.996963092852,0.9999996870082609,0.06938343360456929,113.36116656134088
sample_732,4999.999741890193,0.9999998065640002,0.06936670576909483,113.37484796012326
sample_733,4999.999776422142,0.9999998104356971,0.06934209023722994,113.40476648358313
sample_734,4999.9970013121065,0.9999995869708743,0.06932302830393829,113.42543623784962
sample_735,4999.999974495987,0.9999999944411846,0.06931214114523424,113.42847349235815
sample_736,4999.998244377111,0.9999994265768563,0.06929630003944602,113.44136397742048
sample_737,4999.983626150654,0.9999983141520474,0.06928583716713507,113.44632708788296
sample_738,4999.991546510435,0.9999970682948043,0.06927177335187933,113.45643967681885
sample_739,4999.998786400142,0.9999988632806805,0.06924772279436804,113.4841744817048
sample_740,4999.982196468591,0.9999978319597909,0.06923155743313632,113.50041728514704
sample_741,4999.996555714367,0.9999993683822558,0.0692146425499801,113.51390615171155
sample_742,4999.857687568713,0.9999680582145987,0.0692125892015041,113.51617497807048
sample_743,4999.99668103254,0.9999966584547885,0.06919302105053357,113.52230875549397
sample_744,5000.0,1.0,0.06918439961358955,113.52155960278613
sample_745,4999.997537485748,0.9999995308878139,0.06917260087678084,113.52871846139705
sample_746,4999.999975847797,0.9999999971218134,0.06915096581748477,113.55166934956088
sample_747,4999.994785562187,0.9999996877835955,0.06914048728627765,113.55542402397356
sample_748,4999.993607117376,0.9999949329867487,0.06912630372616228,113.5656179834379
sample_749,4999.997295450877,0.9999820379890761,0.06911526767184452,113.57200219359841
sample_750,4999.999390161857,0.9999998876303233,0.06910178565260154,113.57791737922727
sample_751,4999.99979285707,0.9999999891827804,0.06908966976396594,113.58368476671245
sample_752,4999.994657890053,0.9999996457794349,0.06907380669076059,113.59603144968465
sample_753,4999.959626516786,0.9999889283177128,0.06906153691816762,113.60441428545106
sample_754,4999.995540997906,0.9999997543298,0.06904264188986785,113.61985966553087
sample_755,4999.996314390081,0.9999760376609537,0.06903149944737952,113.62752173794884
sample_756,4999.973857152405,0.9999985161291522,0.06901603846784356,113.63948599158108
sample_757,4999.999386581607,0.9999998056079044,0.06900429499586555,113.64291448682354
sample_758,4999.9893183908825,0.9999826482858647,0.0689981333848357,113.6403664706176
sample_759,4999.997336512151,0.9999976260566985,0.06897330883828616,113.6672304984213
sample_760,4999.976471331,0.9999697950060522,0.06895850716478169,113.68115179752746
sample_761,4999.982562587381,0.9999981637499079,0.06893819755251655,113.69751490322348
sample_762,4999.999877673789,0.9999999832613881,0.06892077629019798,113.71063080352023
sample_763,4999.99567490055,0.999994510048614,0.06890473201447503,113.72326104498961
sample_764,4999.984707160363,0.9999974483029829,0.06889066481947952,113.7304587605593
sample_765,4999.998262775579,0.99999927114963,0.06887484690830108,113.74016522545047
sample_766,4999.975301548373,0.9999980054002185,0.06886266232344411,113.74973368933676
sample_767,4999.999128565849,0.9999999432084558,0.06883228029507074,113.78457578667597
sample_768,4999.997111676197,0.9999976019903629,0.06881450431198628,113.80000555006318
sample_769,4999.997506715691,0.9999975950047796,0.06880417347681361,113.8002279685613
sample_770,4999.980527247351,0.9999976753056296,0.06878788680938723,113.81422402223885
sample_771,4999.918018328176,0.9999922962118332,0.0687799242102905,113.8170308578904
sample_772,4999.9975475224,0.9999773728750903,0.06876328750317041,113.82749974517351
sample_773,4999.997006067311,0.9999975585584421,0.06874328608932388,113.84419661250469
sample_774,4999.999280406187,0.9999999190271436,0.06872438820431695,113.86268397606501
sample_775,4999.996718566321,0.9999994695095281,0.06870473677534053,113.8796105456616
sample_776,4999.993105130295,0.9999997837274333,0.06868798095649846,113.89428550835886
sample_777,4999.995239565792,0.9999937469851345,0.06867480949968212,113.90451646914096
sample_778,4999.973085313005,0.9999986553192788,0.06865803870593527,113.92068885228026
sample_779,4999.998563983202,0.9999988201777646,0.06864157521113434,113.93134530224013
sample_780,5000.0,1.0,0.06862929932751075,113.93624572972259
sample_781,4999.989583937784,0.9999962346612181,0.06861603307343059,113.94346730101356
sample_782,4999.997109423584,0.9999974524992812,0.06858884275050042,113.97376370242155
sample_783,4999.989607616279,0.9999940173645205,0.06857107630898655,113.98685371939986
sample_784,4999.9934619937185,0.9999938087148923,0.06855493176790713,113.99908215864234
sample_785,4999.945588975935,0.9999856359229796,0.06853782956511602,114.01760502805504
sample_786,4999.999892442672,0.9999999747443457,0.06851430331025181,114.03789045397653
sample_787,4999.996669278193,0.9999978678599214,0.06849040060158357,114.06432146549056
sample_788,4999.989328313238,0.9999962614002696,0.06848160318951209,114.06492535414549
sample_789,4999.975184418936,0.9999973417339167,0.0684641125682402,114.08053627756556
sample_790,5000.0,1.0,0.06843684678392256,114.10643863829584
sample_791,4999.999741788149,0.9999999845161931,0.06841877466667365,114.12151938512011
sample_792,5000.0,1.0,0.06839225809983487,114.15328944849591
sample_793,4999.999403508651,0.9999998806219329,0.06837079637341535,114.1749443922499
sample_794,4999.9932764486475,0.9999995942999137,0.06835439171765938,114.1879781959699
sample_795,4999.999163294202,0.9999999162655495,0.06833536707710175,114.2043671329051
sample_796,4999.95323704004,0.9999982594285294,0.06831575590820502,114.22388857014982
sample_797,4999.979027964722,0.9999971593614213,0.06829443157472627,114.24250703530781
sample_798,4999.997846877043,0.999999158856115,0.06827380335151816,114.26187440685744
sample_799,4999.996235219101,0.9999971847514576,0.06825826804375688,114.27298140613401
sample_800,4999.959059011423,0.9999930563380703,0.06823764325446985,114.29551660318211
sample_801,4999.999758182371,0.9999999877365532,0.06821013956015382,114.32348334975414
sample_802,4999.999975012374,0.9999999946066295,0.06819578180111326,114.33170887679643
sample_803,4999.941894981851,0.9999822821303933,0.06818877614233931,114.33081584425038
sample_804,4999.996450404221,0.9999975729502548,0.06816854310073661,114.3461623094498
sample_805,4999.993005924544,0.9999973566977767,0.06815253724329837,114.36001833228778
sample_806,5000.0,1.0,0.06813460854148247,114.37521684332803
sample_807,4999.999599246557,0.9999997170975246,0.06811433136394288,114.39489205055949
sample_808,4999.972275863229,0.9999533911739253,0.06810026882912086,114.40921378696365
sample_809,4999.959514069233,0.9999865905426361,0.06808163142885125,114.42105619672377
sample_810,4999.9998036260495,0.9999999138940744,0.06805745963212755,114.44351615905711
sample_811,5000.0,1.0,0.06804091091456448,114.45324336516765
sample_812,4999.999040845724,0.9999999008448918,0.06802603066507347,114.46038341362822
sample_813,4999.873913637164,0.999989912798996,0.06801301786450287,114.47399585944483
sample_814,4999.984394918711,0.9999749676259034,0.0679940580188667,114.4861119260098
sample_815,4999.977113050212,0.999997539667204,0.06796291977529755,114.52236744437981
sample_816,4999.999901661838,0.9999999631580431,0.06793988192375848,114.54522643094703
sample_817,4999.8841013270785,0.9999828665576893,0.06791419871958372,114.58411794028818
sample_818,4999.994357827284,0.9999968410286,0.06789063303082153,114.59937843771498
sample_819,4999.996917937839,0.999996916779419,0.06787265109937779,114.61197058735337
sample_820,4999.941836363201,0.9999910476345302,0.06785462705692066,114.63047782583965
sample_821,4999.98916090798,0.9999971438131529,0.0678340745514372,114.64533153812465
sample_822,4999.980173421818,0.9999967800351592,0.0678228682067792,114.64522563559662
sample_823,4999.9836440866275,0.9999962223990373,0.06780776457907525,114.65313191361504
sample_824,4999.994345233636,0.9999994906865394,0.0677937054136261,114.65937644746528
sample_825,4999.978893362873,0.9999932374147997,0.06776616212586939,114.69022144464766
sample_826,4999.982020829369,0.9999864448155549,0.06774716613079175,114.7049279737836
sample_827,4999.959268981793,0.9999427574527211,0.06773724035366548,114.70854488775247
sample_828,4999.999523757123,0.9999998776665351,0.06770416682990053,114.74072477864156
sample_829,5000.0,1.0,0.06767934956158368,114.76452657968447
sample_830,4999.917057652034,0.9999801655946977,0.06765868573603556,114.78961950399247
sample_831,4999.993328321689,0.9999996763944085,0.0676298078632292,114.81574384994698
sample_832,4999.999390243579,0.9999996778312366,0.06761504842481932,114.82135895791407
sample_833,4999.972793123563,0.9999965584240804,0.06760436104102574,114.82185640125246
sample_834,4999.981790060138,0.9999959698337361,0.06758775415088843,114.83269346426607
sample_835,4999.979847332626,0.9999960518289901,0.06756566172658744,114.85489732189322
sample_836,4999.999603944386,0.9999996709378887,0.06754284686170377,114.87393193162514
sample_837,4999.99992235889,0.999999937263194,0.0675180870390627,114.90013985647676
sample_838,4999.999767031542,0.9999996114366042,0.06750099661865423,114.91114055226512
sample_839,4999.999409761728,0.9999997827983295,0.06748146780123356,114.92628165059077
sample_840,4999.982539439278,0.9999942287592817,0.06745654360540222,114.9544280035207
sample_841,4999.990196525951,0.9999996789331349,0.06743001338219919,114.97917006292617
sample_842,4999.983385810474,0.9999947931806072,0.06741334867244739,114.99134763926216
sample_843,4999.985666797802,0.9999963411009112,0.06739647312023676,114.99951647342041
sample_844,4999.99949871276,0.9999996180583336,0.0673724568420159,115.02133654612865
sample_845,4999.8859194701145,0.9999794772262146,0.06736603498379438,115.02243598353905
sample_846,4999.971901644482,0.9999965763778209,0.06733308238741473,115.05173626306208
sample_847,4999.997257740401,0.9999996270935824,0.0673071586639714,115.07613895518843
sample_848,4999.973788170715,0.9999788232406431,0.06728346124824511,115.10111606915244
sample_849,4999.997075346479,0.9999992446778995,0.06726562419434132,115.10878452886993
sample_850,4999.952602671405,0.9999721881900456,0.06725561493745845,115.11224625041133
sample_851,4999.995678679089,0.9999992767608391,0.06723045097932748,115.13260158049924
sample_852,4999.880423424151,0.9999935593395511,0.06721211310165179,115.15405812010346
sample_853,5000.0,1.0,0.06718614154772222,115.1720272459213
sample_854,4999.999879696331,0.9999999684001358,0.06716691324608683,115.1874397099731
sample_855,4999.997178514445,0.9999976206153796,0.06714092032513641,115.2129130676314
sample_856,4999.992806359257,0.9999993395632485,0.0671223898204756,115.22706378502203
sample_857,4999.999582259734,0.9999995348530257,0.06710330284667489,115.23909870886676
sample_858,4999.994109740654,0.9999990082044561,0.06707965500754931,115.26163952306283
sample_859,4999.949220800007,0.9999794824384289,0.06705662171408619,115.28701136845642
sample_860,4999.990342069884,0.9999968458767077,0.06702684504382247,115.31684082638465
sample_861,4999.972333456922,0.9999952392380331,0.0670065234588138,115.33467952169745
sample_862,4999.9564432779425,0.9999967870824374,0.06698322537623057,115.3564117671961
sample_863,4999.999831318471,0.9999999448183619,0.06696708545799775,115.360149970342
sample_864,4999.96801125641,0.9999771144764998,0.06694812722322348,115.37786074579245
sample_865,4999.949255842,0.9999957510680957,0.06692327598158647,115.39933687851006
sample_866,4999.999062641241,0.9999997309108198,0.06689281401442056,115.43061353930837
sample_867,4999.999696292208,0.9999999650301387,0.06687728117072635,115.43630288942815
sample_868,4999.998497025353,0.9999998201790997,0.06685197786113505,115.4589011718656
sample_869,4999.992610432981,0.9999875191883001,0.0668357659991096,115.46137302822616
sample_870,4999.994094484654,0.9999969570742288,0.06680162669217879,115.50165595234294
sample_871,4999.996667305097,0.9999999029596809,0.06678188865457252,115.51405292825459
sample_872,5000.0,1.0,0.06674782769527528,115.55348074686898
sample_873,4999.999456661891,0.9999998055165197,0.06672765416800808,115.5662829048363
sample_874,4999.991777996828,0.9999987576999331,0.0667051277467557,115.5835756714263
sample_875,4999.94163205405,0.9999960653144411,0.06668832574893976,115.592165369859
sample_876,4999.965155871057,0.9999621272390944,0.06667081259355724,115.60602100414067
sample_877,4999.952198190376,0.999995354946203,0.06664229205388547,115.63272811619537
sample_878,4999.993164307371,0.9999985544159944,0.06660678132390065,115.66911602420198
sample_879,4999.969491651074,0.9999951336721112,0.06657290276524701,115.7054671925259
sample_880,4999.991906472644,0.9999988345155696,0.06653922789357306,115.73939722104569
sample_881,4999.995906317063,0.9999968389938619,0.06652770075308415,115.73271216496155
sample_882,4999.982346438002,0.9999999279901389,0.066508441272766,115.74520617126116
sample_883,4999.997766269749,0.999999749392078,0.06648765207297083,115.75632322405137
sample_884,4999.774241422524,0.9999982699320765,0.0664745865435056,115.76902030961298
sample_885,4999.989748981231,0.9999984698507657,0.0664335596110708,115.80926558862942
sample_886,5000.0,1.0,0.06640364339533009,115.84389924047645
sample_887,4999.998676970019,0.9999997949291218,0.06637521889855336,115.86884196006349
sample_888,4999.998682330077,0.9999992363682365,0.06635039217481839,115.8893566559909
sample_889,4999.95983434009,0.9999922060974243,0.06631753247021652,115.92499315502998
sample_890,4999.999697031098,0.9999999374704354,0.06628805249088648,115.95360981441156
sample_891,5000.0,1.0,0.0662573528705114,115.98843180710388
sample_892,4999.997872718683,0.9999996901332332,0.0662263595518999,116.02199260044864
sample_893,4999.995240533592,0.9999961936997482,0.06619287978347102,116.05822300861568
sample_894,5000.0,1.0,0.066162974476935,116.09145916854098
sample_895,4999.9909257399695,0.9999838982957835,0.06612821410004699,116.13272523296585
sample_896,4999.997657378981,0.9999857635321937,0.06610173237334817,116.15282428352693
sample_897,4999.869830684453,0.999996764393749,0.06606278464244049,116.20597871664702
sample_898,4999.999781971345,0.9999998023847407,0.06602569435524239,116.23868102688081
sample_899,4999.940440102985,0.9999958828806411,0.06599192322206894,116.27758261828336
sample_900,4999.997293138185,0.9999784787675697,0.06596882178604169,116.28969081503216
sample_901,4999.74262410645,0.9999670832261959,0.06595111311087297,116.31077703301439
sample_902,4999.990061848007,0.9999970156554906,0.06591062015249355,116.33817530628022
sample_903,4999.9858140166925,0.9999975815199376,0.06587396531951188,116.37664225215892
sample_904,4999.989486666744,0.9999975637863542,0.0658419729165942,116.41089927754544
sample_905,4999.8896310281925,0.9999638993114995,0.06582391331441831,116.42692626719854
sample_906,4999.986015590657,0.9999963472149718,0.0658032397637099,116.42647775471629
sample_907,4999.97651798349,0.9999970191914994,0.06577676266587401,116.44533191441526
sample_908,4999.89035353376,0.9999876302074583,0.06573194935830208,116.50796722985564
sample_909,4999.921395266919,0.9999842595315902,0.06569654648599701,116.54503811380208
sample_910,4999.995727639081,0.9999993733420022,0.06565681417385641,116.58380461622951
sample_911,4999.980794725658,0.9999835334245222,0.06562034645369683,116.62888715470937
sample_912,4999.846114395088,0.99998868379972,0.06559691537774633,116.65525890450475
sample_913,4999.993520973382,0.9999995259532122,0.06554800617702661,116.70828565801835
sample_914,4999.987028993053,0.9999890027010662,0.06551342134159831,116.74037724729173
sample_915,4999.994413432515,0.9999989562710868,0.06548634437641944,116.75907833075544
sample_916,4999.951212941861,0.9999943730467739,0.06545504905657121,116.79191947256624
sample_917,4999.940254573422,0.9999940363373883,0.06542733099291918,116.8151134381493
sample_918,4999.999635159555,0.9999999967066042,0.06538640218451157,116.85510559155554
sample_919,4999.916992152615,0.9999883861671283,0.06536058737275574,116.87698793429342
sample_920,4999.959390992111,0.9999873762117588,0.0653245193857821,116.90738456869983
sample_921,4999.962539726476,0.9999805618527543,0.06530036354404084,116.91565448819863
sample_922,4999.995029698763,0.9999991141703356,0.06525169924412659,116.97710886017987
sample_923,4999.978488240842,0.9999945399020389,0.06522205768477593,117.00159404384286
sample_924,4997.504653331908,0.9998645338853742,0.06531882020343442,116.96860120111262
sample_925,4999.315229620479,0.9999240137203267,0.06519478142618394,117.04053609813329
sample_926,4996.108369318592,0.9999531188675403,0.06529414753248262,117.03652451528112
sample_927,4992.672566900292,0.9996108232240349,0.06547530261888179,116.91993198168522
sample_928,4996.141026813666,0.9986200300221573,0.06544584411026974,116.80517276406405
sample_929,4994.748811563452,0.9997906272108775,0.06528566705697257,117.05263749182362
sample_930,4986.395909065413,0.9995100006190039,0.06565566198892789,116.91126691036044
sample_931,4983.653128654762,0.999674193420291,0.06571783088597946,116.93119564814307
sample_932,4980.248568528337,0.9995600228162217,0.06584528670725258,116.89797283349657
sample_933,4994.949707716404,0.9960459596299904,0.06571126175783587,116.46689629649603
sample_934,4971.043829101083,0.9999902720739012,0.06612178092058114,116.89297147184834
sample_935,4958.3542902554045,0.9999731943537602,0.06665968782554389,116.71270477724121
sample_936,4963.95578024126,0.9999899031992069,0.06635028541119631,116.87602252809337
sample_937,4960.288222878085,0.9994532381327281,0.06657186414680062,116.73199618822603
sample_938,4955.333281124777,0.9995436992404594,0.06673316059131745,116.72268199501258
sample_939,4947.259054062719,0.9998660678606891,0.06700279645654164,116.70024149358433
sample_940,4943.375911809228,0.9998972968504903,0.0671378406269049,116.668580733911
sample_941,4945.003657953837,0.9999207223435481,0.06700773018574535,116.75433939472974
sample_942,4939.544906093875,0.9996435316251724,0.0672579864844829,116.6505084616762
sample_943,4936.111313093813,0.9995299694302615,0.06738904802295446,116.61133107412465
sample_944,4932.090985449793,0.9996132957008581,0.06750547965793756,116.62208138759789
sample_945,4994.851874132938,0.9857604239066523,0.0668116996731381,114.95676444898275
sample_946,4918.397754152573,0.9999668935547932,0.06796412627602556,116.5995664576148
sample_947,4919.2512415109595,0.9995879195983391,0.06791315533522142,116.6282934384969
sample_948,4914.406259670614,0.9995015417820003,0.0681133040606653,116.55836890172489
sample_949,4909.418058865982,0.9997695600517266,0.06823251327372924,116.61318862541462
sample_950,4906.696918319574,0.9998347971241947,0.06829071239791383,116.6416978423728
sample_951,4901.913333760211,0.9999623241508395,0.06844574064399182,116.62880062293114
sample_952,4894.570898777519,0.9999402851890205,0.06873374371747121,116.5629132840428
sample_953,4993.318605530483,0.9791261260707914,0.06747924888675841,114.12480083152647
sample_954,4887.064123980115,0.999540254386515,0.06901992011631045,116.5041306332557
sample_955,4884.866674282792,0.9992351882636694,0.06910405700975039,116.47789636944344
sample_956,4875.998085473994,0.9999382611468397,0.06934605445830831,116.53212991280441
sample_957,4994.310904358237,0.9757636780133653,0.0677254690504799,113.72461791223063
sample_958,4874.180855920873,0.999663605823303,0.06935384898575614,116.56319714349745
sample_959,4816.53280859404,0.9999817279457485,0.07193533224152543,115.89303883695803
sample_960,4865.559798638652,0.9998790238548606,0.06959516494825652,116.59938532894198
sample_961,4855.262995018485,0.9999524828374601,0.07000717049208434,116.51898783352677
sample_962,4857.244232807265,0.9994529396414173,0.0699364607350188,116.49752822114249
sample_963,4853.782676884229,0.999994199405532,0.0699312935320757,116.6378748042217
sample_964,4851.594790918296,0.9999767640971242,0.06996194242634803,116.67920538289964
sample_965,4837.691852563309,0.9996892791548079,0.07054593664236042,116.57011252080939
sample_966,4829.130444992765,0.9998735236554859,0.0708246500055824,116.59546159648497
sample_967,4829.558243345516,0.9994920630628141,0.07080235714920621,116.57115712231605
sample_968,4822.836867330679,0.9999816284756008,0.07097603797474439,116.62444925654364
sample_969,4825.024591567374,0.9989643907991488,0.0709943014033295,116.46654865500608
sample_970,4811.760361744308,0.9999496628546164,0.07140150884031804,116.5020902395853
sample_971,4794.672811135822,0.9999449990359818,0.07214578661651837,116.31174370306262
sample_972,4993.566495037033,0.9580235337969801,0.0695188545736485,111.36965785599193
sample_973,4779.837371550449,0.9999914367387341,0.07269252853045684,116.23234941301327
sample_974,4994.447283879365,0.9569391949199866,0.06949454639703737,111.30338863616936
sample_975,4764.964713058889,0.9996481378577527,0.07328654630944602,116.10862798572953
sample_976,4792.120609601296,0.9914671134416517,0.07314327376553077,115.13647435253445
sample_977,4750.14651763876,0.9998962595515966,0.0737402082560497,116.17435876436292
sample_978,4741.38575178787,0.9999004532190959,0.07405401755532022,116.15646498472053
sample_979,4728.3240386357475,0.9996304383698367,0.07461764354527882,116.04847083858262
sample_980,4728.104299077537,0.9985992332559073,0.07466433258989211,115.98529197282933
sample_981,4727.326321282231,0.9988932912578902,0.07454900890661502,116.11442298197927
sample_982,4713.784691984971,0.9983853772332129,0.07514435807547833,116.00630990058008
sample_983,4702.282873564764,0.999854380948283,0.07539374082643698,116.16851598768223
sample_984,4703.203305840492,0.9992175410731958,0.07534660489528502,116.12324907293228
sample_985,4994.598429329655,0.9399745085569671,0.07100052763305346,109.23839396931335
sample_986,4992.784672742547,0.9375403939601127,0.07129305331214982,108.9704548790708
sample_987,4741.5430936208495,0.9863704406639177,0.0749766187618548,114.84882667518366
sample_988,4657.729246845751,0.999884201472002,0.07681368949467737,116.33156804995046
sample_989,4643.508008032053,0.9998510013604988,0.0773313425800073,116.31180617092522
sample_990,4629.199883912434,0.999776029331752,0.07788160823745008,116.25072848400157
sample_991,4616.079593311567,0.9995047913238329,0.07849576537216774,116.02524647732061
sample_992,4595.784552826805,0.9991393050554483,0.07929316040511118,116.0174771032228
sample_993,4571.74462397202,0.999697231492345,0.08021316194238333,115.99558631080038
sample_994,4559.5814698593185,0.9997701263566644,0.08063537476490755,115.94464907201461
sample_995,4536.207851506528,0.9997651777291443,0.08147050525258355,116.03751937709613
sample_996,4510.299378638735,0.9993457594179428,0.08269455137546429,115.66970955018391
sample_997,4458.271660008528,0.9998748407395097,0.08475229436361356,115.87234350497428
sample_998,4403.160891778226,0.9999459685883026,0.08684646346133097,116.22643585845323
sample_999,4999.999971819598,0.853524720552945,0.07976822637899403,99.00865537289161
sample_1000,4999.99996886992,0.8463177969124125,0.07897325048434975,99.38981101112661
